ID (2.5Hz), Table X, Table Y, Connector1 X, Connector1 Y, Connector2 X, Connector2 Y, Connector3 X, Connector3 Y, Connector4 X, Connector4 Y, Leg1 X, Leg1 Y, Leg2 X, Leg2 Y, Leg3 X, Leg3 Y, Leg4 X, Leg4 Y, Container1 X, Container1 Y, Container2 X, Container2 Y, Container3 X, Container3 Y, Container4 X, Container4 Y, Container5 X, Container5 Y, Pen1 X, Pen1 Y, Pen2 X, Pen2 Y, ;
0, 1.15895473957, 0.200051441789, 1.30895473957, 0.290051441789, 1.00895473957, 0.290051441789, 1.00895473957, 0.110051441789, 1.30895473957, 0.110051441789, 0.770923852921, 0.254737794399, , , , , 0.603741466999, 0.226755306125, 1.07600772381, 0.254245609045, 0.500518023968, 0.216741412878, 0.244390100241, 0.257736265659, 1.19024133682, 0.357083201408, 0.83746856451, 0.254059284925, , , , ;
1, 1.15986847878, 0.200072720647, 1.30986847878, 0.290072720647, 1.00986847878, 0.290072720647, 1.00986847878, 0.110072720647, 1.30986847878, 0.110072720647, 0.770915567875, 0.254704385996, , , , , 0.603695631027, 0.226747706532, 1.07632052898, 0.254505038261, 0.500478744507, 0.216529488564, 0.243314415216, 0.257428735495, 1.1902358532, 0.357081770897, 0.837260067463, 0.254396528006, , , , ;
2, 1.15870916843, 0.198739051819, 1.30870916843, 0.288739051819, 1.00870916843, 0.288739051819, 1.00870916843, 0.108739051819, 1.30870916843, 0.108739051819, 0.771110415459, 0.254886388779, , , , , 0.60368168354, 0.226745337248, 1.07632923126, 0.254501998425, 0.500943422318, 0.216329544783, 0.243301227689, 0.257420986891, 1.19024348259, 0.357084453106, 0.83616822958, 0.254065513611, , , , ;
3, 1.15910983086, 0.199425891042, 1.30910983086, 0.289425891042, 1.00910983086, 0.289425891042, 1.00910983086, 0.109425891042, 1.30910983086, 0.109425891042, 0.770981729031, 0.254630565643, , , , , 0.603671908379, 0.226750954986, 1.07630205154, 0.254503726959, 0.500444531441, 0.216765746474, 0.24330753088, 0.25742188096, 1.19024252892, 0.35708424449, 0.838258862495, 0.254914402962, , , , ;
4, 1.15873920918, 0.198810532689, 1.30873920918, 0.288810532689, 1.00873920918, 0.288810532689, 1.00873920918, 0.108810532689, 1.30873920918, 0.108810532689, 0.771069645882, 0.254775851965, , , , , 0.603703022003, 0.2267601192, 1.07599878311, 0.254142284393, 0.500981688499, 0.216271534562, 0.24333705008, 0.25743201375, 1.19023239613, 0.357065021992, 0.836963951588, 0.254413247108, , , , ;
5, 1.15886485577, 0.199573427439, 1.30886485577, 0.289573427439, 1.00886485577, 0.289573427439, 1.00886485577, 0.109573427439, 1.30886485577, 0.109573427439, 0.770984709263, 0.254816830158, , , , , 0.603662610054, 0.226763978601, 1.07581245899, 0.254329234362, 0.500460267067, 0.216714978218, 0.243315503001, 0.257424026728, 1.1902166605, 0.357062518597, 0.837391257286, 0.254112243652, , , , ;
6, 1.15898680687, 0.199790403247, 1.30898680687, 0.289790403247, 1.00898680687, 0.289790403247, 1.00898680687, 0.109790403247, 1.30898680687, 0.109790403247, 0.770834922791, 0.254753351212, , , , , 0.603673219681, 0.226782053709, 1.07581996918, 0.254193037748, 0.500765025616, 0.216553583741, 0.243320405483, 0.25744971633, 1.19020819664, 0.357092916965, 0.836910843849, 0.254482209682, , , , ;
7, 1.15875411034, 0.198844924569, 1.30875411034, 0.288844924569, 1.00875411034, 0.288844924569, 1.00875411034, 0.108844924569, 1.30875411034, 0.108844924569, 0.77098929882, 0.254858076572, , , , , 0.603649973869, 0.226780503988, 1.07598054409, 0.254284799099, 0.500507116318, 0.216612890363, 0.243302971125, 0.257450401783, 1.19019412994, 0.357092380524, 0.836906790733, 0.254483401775, , , , ;
8, 1.15880334377, 0.19884608686, 1.30880334377, 0.28884608686, 1.00880334377, 0.28884608686, 1.00880334377, 0.10884608686, 1.30880334377, 0.10884608686, 0.77079051733, 0.254537075758, , , , , 0.603667259216, 0.226793915033, 1.07611703873, 0.254145890474, 0.500963032246, 0.216284051538, 0.243319988251, 0.257447004318, 1.19020724297, 0.357081353664, 0.837584137917, 0.253889590502, , , , ;
9, 1.15953040123, 0.200067147613, 1.30953040123, 0.290067147613, 1.00953040123, 0.290067147613, 1.00953040123, 0.110067147613, 1.30953040123, 0.110067147613, 0.77081912756, 0.254609107971, , , , , 0.603687763214, 0.226772084832, 1.07613503933, 0.254172533751, 0.500933945179, 0.216373190284, 0.243326947093, 0.257440060377, 1.19022417068, 0.357085257769, 0.837194979191, 0.254465103149, , , , ;
10, 1.15904581547, 0.200230956078, 1.30904581547, 0.290230956078, 1.00904581547, 0.290230956078, 1.00904581547, 0.110230956078, 1.30904581547, 0.110230956078, 0.771063685417, 0.254822552204, , , , , 0.603665649891, 0.226776793599, 1.07592439651, 0.254282772541, 0.500623226166, 0.216579779983, 0.243318006396, 0.257441848516, 1.19022274017, 0.357096552849, 0.837563097477, 0.253920346498, , , , ;
11, 1.15858662128, 0.199978768826, 1.30858662128, 0.289978768826, 1.00858662128, 0.289978768826, 1.00858662128, 0.109978768826, 1.30858662128, 0.109978768826, 0.771064460278, 0.254743486643, , , , , 0.603662371635, 0.226775184274, 1.076151371, 0.254167914391, 0.501006543636, 0.21625085175, 0.243335843086, 0.257428526878, 1.19024395943, 0.357069432735, 0.837595164776, 0.25391972065, , , , ;
12, 1.15898740292, 0.199860006571, 1.30898740292, 0.289860006571, 1.00898740292, 0.289860006571, 1.00898740292, 0.109860006571, 1.30898740292, 0.109860006571, 0.770948469639, 0.254836559296, , , , , 0.603661417961, 0.226777940989, 1.07576465607, 0.254281073809, 0.500588357449, 0.216579556465, 0.243342101574, 0.257441908121, 1.19023752213, 0.357078582048, 0.837272524834, 0.254377543926, , , , ;
13, 1.15881240368, 0.19906064868, 1.30881240368, 0.28906064868, 1.00881240368, 0.28906064868, 1.00881240368, 0.10906064868, 1.30881240368, 0.10906064868, 0.771061778069, 0.254780173302, , , , , 0.603653669357, 0.226787999272, 1.07574355602, 0.254332751036, 0.500643908978, 0.216748446226, 0.243214309216, 0.257213562727, 1.1902256012, 0.35710594058, 0.837565243244, 0.253919780254, , , , ;
14, 1.15909087658, 0.199873298407, 1.30909087658, 0.289873298407, 1.00909087658, 0.289873298407, 1.00909087658, 0.109873298407, 1.30909087658, 0.109873298407, 0.77108001709, 0.254859954119, , , , , 0.603668987751, 0.226781308651, 1.076207757, 0.25415250659, 0.500425696373, 0.216478958726, 0.243741214275, 0.25732639432, 1.19024503231, 0.357081711292, 0.837593376637, 0.253943055868, , , , ;
15, 1.15892612934, 0.199967801571, 1.30892612934, 0.289967801571, 1.00892612934, 0.289967801571, 1.00892612934, 0.109967801571, 1.30892612934, 0.109967801571, 0.770875990391, 0.254786878824, , , , , 0.603652954102, 0.226800397038, 1.0760165453, 0.254254430532, 0.50089263916, 0.216445878148, 0.243892684579, 0.25767737627, 1.19022071362, 0.357114046812, 0.83731931448, 0.254270404577, , , , ;
16, 1.15876400471, 0.199770674109, 1.30876400471, 0.289770674109, 1.00876400471, 0.289770674109, 1.00876400471, 0.109770674109, 1.30876400471, 0.109770674109, 0.770958065987, 0.254799544811, , , , , 0.60366922617, 0.226801216602, 1.07617259026, 0.254236400127, 0.500801861286, 0.216374620795, 0.243898510933, 0.257756859064, 1.19024300575, 0.357097357512, 0.836973488331, 0.254446238279, , , , ;
17, 1.15872347355, 0.198834508657, 1.30872347355, 0.288834508657, 1.00872347355, 0.288834508657, 1.00872347355, 0.108834508657, 1.30872347355, 0.108834508657, 0.770950138569, 0.254815250635, , , , , 0.603656470776, 0.226784899831, 1.07593357563, 0.254249274731, 0.500594496727, 0.216472238302, 0.243892610073, 0.257715910673, 1.19024634361, 0.357094377279, 0.83727222681, 0.254377186298, , , , ;
18, 1.15920424461, 0.20016348362, 1.30920424461, 0.29016348362, 1.00920424461, 0.29016348362, 1.00920424461, 0.11016348362, 1.30920424461, 0.11016348362, 0.771052360535, 0.25469109416, , , , , 0.603657066822, 0.226783066988, 1.07587373257, 0.254223078489, 0.500999331474, 0.216270282865, 0.243866845965, 0.25770047307, 1.19023990631, 0.357102304697, 0.837015509605, 0.25455608964, , , , ;
19, 1.15871298313, 0.19883979857, 1.30871298313, 0.28883979857, 1.00871298313, 0.28883979857, 1.00871298313, 0.10883979857, 1.30871298313, 0.10883979857, 0.771029651165, 0.254757761955, , , , , 0.603641927242, 0.226786330342, 1.07569956779, 0.254007607698, 0.500517606735, 0.216905102134, 0.243841826916, 0.257707059383, 1.19020807743, 0.357094943523, 0.83699887991, 0.254607200623, , , , ;
20, 1.15911483765, 0.199912652373, 1.30911483765, 0.289912652373, 1.00911483765, 0.289912652373, 1.00911483765, 0.109912652373, 1.30911483765, 0.109912652373, 0.771013855934, 0.254695475101, , , , , 0.603689789772, 0.226780444384, 1.07616734505, 0.254187077284, 0.500782966614, 0.21650390327, 0.243857637048, 0.257684826851, 1.19024217129, 0.357087284327, 0.83730494976, 0.254355490208, , , , ;
21, 1.15887391567, 0.198820322752, 1.30887391567, 0.288820322752, 1.00887391567, 0.288820322752, 1.00887391567, 0.108820322752, 1.30887391567, 0.108820322752, 0.770969629288, 0.254753530025, , , , , 0.603640973568, 0.226787507534, 1.07610285282, 0.254236370325, 0.263789027929, 0.254475533962, 0.243887618184, 0.25773742795, 1.19024336338, 0.357093900442, 0.837386488914, 0.253975600004, , , , ;
22, 1.15904867649, 0.199719488621, 1.30904867649, 0.289719488621, 1.00904867649, 0.289719488621, 1.00904867649, 0.109719488621, 1.30904867649, 0.109719488621, 0.771076321602, 0.254864960909, , , , , 0.603609681129, 0.226788461208, 1.07594645023, 0.254305958748, 0.244685441256, 0.261775881052, 0.243959203362, 0.257771849632, 1.19023823738, 0.357090294361, 0.837156713009, 0.255078613758, , , , ;
23, 1.1591231823, 0.200115248561, 1.3091231823, 0.290115248561, 1.0091231823, 0.290115248561, 1.0091231823, 0.110115248561, 1.3091231823, 0.110115248561, 0.770996630192, 0.254835218191, , , , , 0.603605985641, 0.226788982749, 1.07610857487, 0.2541629076, 0.244565263391, 0.265116125345, 0.243989124894, 0.257827967405, 1.19023168087, 0.357087284327, 0.837256252766, 0.255048692226, , , , ;
24, 1.15879094601, 0.198864191771, 1.30879094601, 0.288864191771, 1.00879094601, 0.288864191771, 1.00879094601, 0.108864191771, 1.30879094601, 0.108864191771, 0.77093565464, 0.255016088486, , , , , 0.603608191013, 0.226799488068, 1.07612705231, 0.254190713167, 0.244580537081, 0.269143044949, 0.243947803974, 0.257789462805, 1.19022846222, 0.357107460499, 0.837392508984, 0.253965616226, , , , ;
25, 1.1596070528, 0.200440064073, 1.3096070528, 0.290440064073, 1.0096070528, 0.290440064073, 1.0096070528, 0.110440064073, 1.3096070528, 0.110440064073, 0.770978212357, 0.254751443863, , , , , 0.60361456871, 0.226778790355, 1.07595515251, 0.254335552454, 0.244734629989, 0.269440948963, 0.243837699294, 0.257694423199, 1.19023001194, 0.357091099024, 0.837191879749, 0.254427701235, , , , ;
26, 1.15881490707, 0.198844730854, 1.30881490707, 0.288844730854, 1.00881490707, 0.288844730854, 1.00881490707, 0.108844730854, 1.30881490707, 0.108844730854, 0.771053850651, 0.254759997129, , , , , 0.603644907475, 0.226793378592, 1.07598352432, 0.254316359758, 0.244775667787, 0.269476830959, 0.243874296546, 0.257724076509, 1.19024944305, 0.357092827559, 0.837416768074, 0.253961592913, , , , ;
27, 1.15830755234, 0.200521752238, 1.30830755234, 0.290521752238, 1.00830755234, 0.290521752238, 1.00830755234, 0.110521752238, 1.30830755234, 0.110521752238, 0.771013140678, 0.254839539528, , , , , 0.603597581387, 0.226794302464, 1.07579958439, 0.254098951817, 0.244697213173, 0.269422978163, 0.243853509426, 0.25771138072, 1.1902141571, 0.357098817825, 0.837586462498, 0.253891378641, , , , ;
28, 1.15851950645, 0.199281290174, 1.30851950645, 0.289281290174, 1.00851950645, 0.289281290174, 1.00851950645, 0.109281290174, 1.30851950645, 0.109281290174, 0.770918369293, 0.254699259996, , , , , 0.603520989418, 0.226814419031, 1.190294981, 0.357020050287, 0.244624480605, 0.269378453493, 0.243814855814, 0.257740586996, 0.284008383751, 0.282321929932, 0.837361693382, 0.25396451354, , , , ;
29, 1.15916824341, 0.199917003512, 1.30916824341, 0.289917003512, 1.00916824341, 0.289917003512, 1.00916824341, 0.109917003512, 1.30916824341, 0.109917003512, 0.770795166492, 0.255028575659, 0.670632481575, 0.229990273714, 0.717800378799, 0.230289980769, 0.60352897644, 0.226793751121, 1.19031119347, 0.356999546289, 0.244729161263, 0.269479066133, 0.243835434318, 0.25772818923, 0.284204572439, 0.282943665981, 0.836944699287, 0.254078179598, 1.03695380688, 0.252689540386, , ;
30, 1.15873289108, 0.198668822646, 1.30873289108, 0.288668822646, 1.00873289108, 0.288668822646, 1.00873289108, 0.108668822646, 1.30873289108, 0.108668822646, 0.770871400833, 0.254605650902, 0.670776486397, 0.229918211699, 0.71789842844, 0.230308040977, 0.603676617146, 0.226858898997, 1.19039952755, 0.356987476349, 0.245106115937, 0.26975312829, 0.243891224265, 0.257716029882, 0.284253120422, 0.282618135214, 0.837624490261, 0.253882050514, 1.03706145287, 0.252723157406, , ;
31, 1.1587420702, 0.198821529746, 1.3087420702, 0.288821529746, 1.0087420702, 0.288821529746, 1.0087420702, 0.108821529746, 1.3087420702, 0.108821529746, 0.77079808712, 0.254442512989, 0.670754730701, 0.229926019907, 0.717862546444, 0.230298340321, 0.603449165821, 0.227002203465, 1.19035339355, 0.35699018836, 0.244911804795, 0.269465148449, 0.243883296847, 0.257717192173, 0.837306320667, 0.253724902868, , , 1.03705477715, 0.252599358559, , ;
32, 1.15959763527, 0.199869439006, 1.30959763527, 0.289869439006, 1.00959763527, 0.289869439006, 1.00959763527, 0.109869439006, 1.30959763527, 0.109869439006, 0.770752310753, 0.254278928041, 0.670694828033, 0.230007424951, 0.71785902977, 0.230298578739, 0.603355705738, 0.226873293519, 1.19037461281, 0.356990844011, 0.244664087892, 0.269348859787, 0.243886768818, 0.257720470428, 0.837461173534, 0.253757327795, 0.284969627857, 0.28278902173, 1.03704082966, 0.252593755722, , ;
33, 1.1587010622, 0.198879048228, 1.3087010622, 0.288879048228, 1.0087010622, 0.288879048228, 1.0087010622, 0.108879048228, 1.3087010622, 0.108879048228, 0.770888268948, 0.254426568747, 0.670762658119, 0.23004733026, 0.717832863331, 0.230350226164, 0.603370964527, 0.227156057954, 1.19032263756, 0.357066005468, 0.244674652815, 0.269443303347, 0.24385432899, 0.257776111364, 0.837480843067, 0.253815472126, 0.284634143114, 0.282700806856, 1.03701627254, 0.252654880285, , ;
34, 1.15900039673, 0.199668005109, 1.30900039673, 0.289668005109, 1.00900039673, 0.289668005109, 1.00900039673, 0.109668005109, 1.30900039673, 0.109668005109, 0.770822405815, 0.254998207092, 0.67071634531, 0.2299079597, 0.718263447285, 0.230374380946, 0.603585958481, 0.226839080453, 1.19034767151, 0.356999844313, 0.244648680091, 0.269337773323, 0.243847206235, 0.257704734802, 0.837358534336, 0.253695935011, 0.284598320723, 0.28260448575, 1.03690576553, 0.252903819084, , ;
35, 1.15872263908, 0.198850437999, 1.30872263908, 0.288850437999, 1.00872263908, 0.288850437999, 1.00872263908, 0.108850437999, 1.30872263908, 0.108850437999, 0.77086097002, 0.254612118006, 0.670739650726, 0.229911625385, 0.71783643961, 0.230287104845, 0.603601396084, 0.226791679859, 1.19035029411, 0.357002675533, 0.244684129953, 0.269358128309, 0.243848323822, 0.257701009512, 0.837498962879, 0.25374853611, 0.284466207027, 0.283493548632, 1.03703832626, 0.252578675747, , ;
36, 1.15946543217, 0.200558245182, 1.30946543217, 0.290558245182, 1.00946543217, 0.290558245182, 1.00946543217, 0.110558245182, 1.30946543217, 0.110558245182, 0.770848631859, 0.254680275917, 0.670783817768, 0.229922354221, 0.717878818512, 0.230303436518, 0.603639543056, 0.226803302765, 1.19038295746, 0.356996208429, 0.244728296995, 0.269411146641, 0.243920922279, 0.257752090693, 0.837556540966, 0.253796041012, 0.284605115652, 0.28254532814, 1.03705894947, 0.252610683441, , ;
37, 1.15872132778, 0.19884839654, 1.30872132778, 0.28884839654, 1.00872132778, 0.28884839654, 1.00872132778, 0.10884839654, 1.30872132778, 0.10884839654, 0.770807445049, 0.254482001066, 0.670736014843, 0.229917138815, 0.717843770981, 0.230304151773, 0.603580534458, 0.226800695062, 1.19083154202, 0.356608957052, 0.2446603477, 0.269381552935, 0.243859946728, 0.257718086243, 0.837459266186, 0.25372159481, 0.28476113081, 0.28298202157, 1.03698372841, 0.252698838711, , ;
38, 1.15891194344, 0.19878064096, 1.30891194344, 0.28878064096, 1.00891194344, 0.28878064096, 1.00891194344, 0.10878064096, 1.30891194344, 0.10878064096, 0.771003365517, 0.254799753428, 0.67057454586, 0.230145677924, 0.717672526836, 0.230644926429, 0.603585958481, 0.2267973423, 1.1903475523, 0.357010483742, 0.24474298954, 0.269446641207, 0.243866026402, 0.257737636566, 0.284111499786, 0.282243698835, 0.836888313293, 0.254842013121, , , , ;
39, 1.15871083736, 0.19878411293, 1.30871083736, 0.28878411293, 1.00871083736, 0.28878411293, 1.00871083736, 0.10878411293, 1.30871083736, 0.10878411293, 0.770805537701, 0.254606872797, 0.670573294163, 0.229890242219, 0.71786159277, 0.230310544372, 0.603373706341, 0.226870328188, 1.19033360481, 0.356990218163, 0.244573935866, 0.269331395626, 0.243849873543, 0.25771766901, 0.284225434065, 0.28274050355, 0.836935818195, 0.254095941782, 0.351280808449, 0.174665331841, , ;
40, 1.15890145302, 0.199829429388, 1.30890145302, 0.289829429388, 1.00890145302, 0.289829429388, 1.00890145302, 0.109829429388, 1.30890145302, 0.109829429388, 0.771227121353, 0.254798740149, 0.670576512814, 0.22982634604, 0.717839956284, 0.230295345187, 0.603564441204, 0.226816132665, 1.19033682346, 0.35699853301, 0.244709998369, 0.269399732351, 0.243931382895, 0.257775038481, 0.284155130386, 0.282289773226, 0.837116062641, 0.254357665777, , , , ;
41, 1.15915715694, 0.199845865369, 1.30915715694, 0.289845865369, 1.00915715694, 0.289845865369, 1.00915715694, 0.109845865369, 1.30915715694, 0.109845865369, 0.770961344242, 0.254935562611, 0.670567333698, 0.229815155268, 0.717836380005, 0.230255946517, 0.603565633297, 0.226773098111, 1.1903553009, 0.356962352991, 0.244511410594, 0.26959592104, 0.243958100677, 0.257783174515, 0.837487280369, 0.253704637289, 0.284417450428, 0.283051073551, , , , ;
42, 1.15858018398, 0.198811814189, 1.30858018398, 0.288811814189, 1.00858018398, 0.288811814189, 1.00858018398, 0.108811814189, 1.30858018398, 0.108811814189, 0.770917952061, 0.254798769951, 0.670592188835, 0.229945883155, 0.717872858047, 0.230328857899, 0.603391289711, 0.226892545819, 1.19036090374, 0.357020318508, 0.244557514787, 0.269652187824, 0.243884310126, 0.257766067982, 0.837240278721, 0.254018902779, 0.284466415644, 0.283220887184, 0.359510093927, 0.219376713037, , ;
43, 1.15880918503, 0.199557125568, 1.30880918503, 0.289557125568, 1.00880918503, 0.289557125568, 1.00880918503, 0.109557125568, 1.30880918503, 0.109557125568, 0.771063268185, 0.254956275225, , , 0.717798292637, 0.230206906796, 0.603533804417, 0.227070495486, 1.19038653374, 0.356999844313, 0.244566112757, 0.269606947899, 0.243878513575, 0.257721424103, 0.837315201759, 0.25379678607, 0.284398853779, 0.284136384726, 0.572442650795, 0.436037659645, , ;
44, 1.15844643116, 0.199561655521, 1.30844643116, 0.289561655521, 1.00844643116, 0.289561655521, 1.00844643116, 0.109561655521, 1.30844643116, 0.109561655521, 0.770709514618, 0.25485560298, 0.670610487461, 0.230365484953, 0.717756986618, 0.23024122417, 0.603322565556, 0.226873368025, 1.19034361839, 0.35702970624, 0.244527339935, 0.269644200802, 0.243889868259, 0.257788538933, 0.83724206686, 0.25401493907, 0.28424179554, 0.283322662115, 0.589505314827, 0.453311026096, , ;
45, 1.15859985352, 0.198787629604, 1.30859985352, 0.288787629604, 1.00859985352, 0.288787629604, 1.00859985352, 0.108787629604, 1.30859985352, 0.108787629604, 0.770551145077, 0.254296630621, 0.670474052429, 0.229708522558, 0.717816710472, 0.230224490166, 0.603254079819, 0.226792812347, 1.19036948681, 0.356985390186, 0.244536623359, 0.269615650177, 0.243872478604, 0.257725030184, 0.837333977222, 0.253906846046, 0.284111201763, 0.284496426582, 0.587254285812, 0.454125165939, , ;
46, 1.15878796577, 0.198826238513, 1.30878796577, 0.288826238513, 1.00878796577, 0.288826238513, 1.00878796577, 0.108826238513, 1.30878796577, 0.108826238513, 0.771198391914, 0.254848361015, 0.67065513134, 0.229831174016, 0.717908799648, 0.230295836926, 0.603639781475, 0.226792007685, 1.19039034843, 0.356995761395, 0.244594633579, 0.269614368677, 0.243904039264, 0.257734358311, 0.837575435638, 0.253763884306, 0.283864289522, 0.284560889006, 0.587171912193, 0.454018682241, , ;
47, 1.15872049332, 0.198811098933, 1.30872049332, 0.288811098933, 1.00872049332, 0.288811098933, 1.00872049332, 0.108811098933, 1.30872049332, 0.108811098933, 0.770983815193, 0.254948675632, 0.670582175255, 0.229808032513, 0.717860281467, 0.230308443308, 0.603489339352, 0.226806610823, 1.19066536427, 0.356651723385, 0.244496583939, 0.269480824471, 0.243874445558, 0.25774282217, 0.837489843369, 0.253730207682, 0.283626049757, 0.285628288984, 0.586928606033, 0.453943699598, , ;
48, 1.15849626064, 0.198514163494, 1.30849626064, 0.288514163494, 1.00849626064, 0.288514163494, 1.00849626064, 0.108514163494, 1.30849626064, 0.108514163494, 0.770981967449, 0.254759192467, 0.670535564423, 0.23012714088, 0.717775702477, 0.230290770531, 0.6028855443, 0.226513803005, 1.19031012058, 0.356994271278, 0.244483828545, 0.269617319107, 0.243801191449, 0.257738053799, 0.837187469006, 0.253817409277, 0.283875763416, 0.28354087472, 0.586818575859, 0.454073011875, , ;
49, 1.16004300117, 0.200495988131, 1.31004300117, 0.290495988131, 1.01004300117, 0.290495988131, 1.01004300117, 0.110495988131, 1.31004300117, 0.110495988131, 0.77101701498, 0.254742443562, 0.670648336411, 0.229914203286, 0.717876791954, 0.23030371964, 0.603382229805, 0.227105289698, 1.19037413597, 0.357018768787, 0.244610577822, 0.2695350945, 0.243937030435, 0.257784456015, 0.837364077568, 0.253798216581, 0.283910900354, 0.284776389599, 0.586750090122, 0.45403906703, , ;
50, 1.15864050388, 0.198734328151, 1.30864050388, 0.288734328151, 1.00864050388, 0.288734328151, 1.00864050388, 0.108734328151, 1.30864050388, 0.108734328151, 0.771000444889, 0.254877716303, 0.670599102974, 0.229827418923, 0.717853844166, 0.230273097754, 0.603354513645, 0.226843819022, 1.19035112858, 0.356974691153, 0.244549453259, 0.269602388144, 0.243850216269, 0.257706642151, 0.837491631508, 0.253703683615, 0.284394800663, 0.283522486687, 0.586900889874, 0.453922241926, , ;
51, 1.15868365765, 0.198726266623, 1.30868365765, 0.288726266623, 1.00868365765, 0.288726266623, 1.00868365765, 0.108726266623, 1.30868365765, 0.108726266623, 0.770975351334, 0.254778146744, 0.670552611351, 0.229937657714, 0.717837452888, 0.230310693383, 0.603181481361, 0.227069720626, 1.19033896923, 0.357010662556, 0.244502127171, 0.269632101059, 0.243865981698, 0.258247375488, 0.837231457233, 0.253993213177, 0.284168303013, 0.283548682928, 0.58673787117, 0.45400300622, , ;
52, 1.15868449211, 0.198814377189, 1.30868449211, 0.288814377189, 1.00868449211, 0.288814377189, 1.00868449211, 0.108814377189, 1.30868449211, 0.108814377189, 0.770763278008, 0.254407852888, 0.670329749584, 0.229807883501, 0.717923104763, 0.230259358883, 0.604031562805, 0.226586520672, 0.837176978588, 0.253985524178, 0.244262576103, 0.269500851631, 0.243793651462, 0.257707953453, 0.284337848425, 0.283122390509, , , , , , ;
53, 1.15910506248, 0.19994199276, 1.30910506248, 0.28994199276, 1.00910506248, 0.28994199276, 1.00910506248, 0.10994199276, 1.30910506248, 0.10994199276, 0.770712077618, 0.254793703556, , , 0.717502355576, 0.230122059584, 0.604019641876, 0.22680363059, 0.243717193604, 0.257600575686, 0.244501441717, 0.269626528025, 0.837442219257, 0.253723740578, 0.284450888634, 0.283171623945, 1.19026076794, 0.357155293226, 0.586728513241, 0.454079508781, , ;
54, 1.15870678425, 0.198708131909, 1.30870678425, 0.288708131909, 1.00870678425, 0.288708131909, 1.00870678425, 0.108708131909, 1.30870678425, 0.108708131909, 0.770717322826, 0.254746317863, 0.670534312725, 0.229816362262, 0.716512978077, 0.229821830988, 0.604048609734, 0.226671874523, 0.243747115135, 0.25759691, 0.244526252151, 0.269597858191, 0.837366461754, 0.253921359777, 0.284366816282, 0.2831120193, 1.19031596184, 0.357162117958, 0.586612164974, 0.453907936811, 0.656724870205, 0.460629731417;
55, 1.15868067741, 0.198810428381, 1.30868067741, 0.288810428381, 1.00868067741, 0.288810428381, 1.00868067741, 0.108810428381, 1.30868067741, 0.108810428381, 0.771015644073, 0.254856467247, 0.670615971088, 0.229830369353, 0.717870593071, 0.230290770531, 0.603490769863, 0.226815238595, 0.243771851063, 0.257602959871, 0.244564011693, 0.269619882107, 0.837419450283, 0.253676086664, 0.284385919571, 0.28312253952, 1.19027459621, 0.357124269009, 0.586698234081, 0.454061746597, , ;
56, 1.15857672691, 0.198787674308, 1.30857672691, 0.288787674308, 1.00857672691, 0.288787674308, 1.00857672691, 0.108787674308, 1.30857672691, 0.108787674308, 0.771032094955, 0.254750043154, 0.670588612556, 0.229802161455, 0.717867016792, 0.230304539204, 0.603474617004, 0.226772770286, 0.243752717972, 0.257605791092, 0.244543045759, 0.269630938768, 0.837399959564, 0.253673821688, 0.28447073698, 0.283157497644, 1.19031608105, 0.357165008783, 0.586743175983, 0.454241007566, , ;
57, 1.15859019756, 0.199115678668, 1.30859019756, 0.289115678668, 1.00859019756, 0.289115678668, 1.00859019756, 0.109115678668, 1.30859019756, 0.109115678668, 0.770816266537, 0.254666239023, 0.670585274696, 0.229840666056, 0.717841267586, 0.230309695005, 0.603439211845, 0.226821929216, 0.243737906218, 0.257599532604, 0.244529664516, 0.269621253014, 0.837384939194, 0.253672450781, 0.284353345633, 0.283113569021, 1.19027078152, 0.357152730227, 0.58647787571, 0.453847378492, , ;
58, 1.15861535072, 0.198746800423, 1.30861535072, 0.288746800423, 1.00861535072, 0.288746800423, 1.00861535072, 0.108746800423, 1.30861535072, 0.108746800423, 0.770889759064, 0.254764348269, 0.670592427254, 0.22979311645, 0.717840433121, 0.230307132006, 0.603498518467, 0.226761952043, 0.243746995926, 0.257603913546, 0.244509682059, 0.269623547792, 0.837387144566, 0.253678679466, 0.284368604422, 0.28313228488, 1.19025528431, 0.357127249241, 0.586663007736, 0.453962028027, , ;
59, 1.15901017189, 0.199480876327, 1.30901017189, 0.289480876327, 1.00901017189, 0.289480876327, 1.00901017189, 0.109480876327, 1.30901017189, 0.109480876327, 0.770988404751, 0.254755318165, 0.670578062534, 0.229849591851, 0.717824339867, 0.230282753706, 0.603471577168, 0.226768866181, 0.243740484118, 0.257609426975, 0.244544222951, 0.26962569356, 0.837242186069, 0.25355759263, 0.284399360418, 0.283126324415, , , 0.586569786072, 0.454164803028, , ;
60, 1.1587280035, 0.198823720217, 1.3087280035, 0.288823720217, 1.0087280035, 0.288823720217, 1.0087280035, 0.108823720217, 1.3087280035, 0.108823720217, 0.770896375179, 0.255033999681, 0.670541286469, 0.230204328895, 0.717818558216, 0.2303044945, 0.603509545326, 0.226765289903, 0.243724867702, 0.257593244314, 0.244516193867, 0.269607573748, 0.837378561497, 0.25365999341, 0.284474402666, 0.28336596489, 0.412386208773, 0.287376046181, 0.5866304636, 0.454047679901, , ;
61, 1.15888106823, 0.199720963836, 1.30888106823, 0.289720963836, 1.00888106823, 0.289720963836, 1.00888106823, 0.109720963836, 1.30888106823, 0.109720963836, 0.770800828934, 0.254647761583, 0.670560479164, 0.23018977046, 0.717842400074, 0.230298429728, 0.603273451328, 0.226846471429, 0.243738621473, 0.257588803768, 0.283903002739, 0.283771574497, 0.837391674519, 0.253792285919, 0.287936419249, 0.27782869339, , , 0.586609303951, 0.454008728266, , ;
62, 1.15870988369, 0.198645338416, 1.30870988369, 0.288645338416, 1.00870988369, 0.288645338416, 1.00870988369, 0.108645338416, 1.30870988369, 0.108645338416, 0.771010756493, 0.254779607058, 0.670563042164, 0.230319917202, 0.717874825001, 0.230300739408, 0.603293836117, 0.226891949773, 0.243739292026, 0.257587730885, 0.28452321887, 0.282762169838, 0.837420225143, 0.2537946105, 0.283263593912, 0.280690550804, 0.283292025328, 0.280911326408, 0.586410999298, 0.453830450773, , ;
63, 1.15867578983, 0.198837399483, 1.30867578983, 0.288837399483, 1.00867578983, 0.288837399483, 1.00867578983, 0.108837399483, 1.30867578983, 0.108837399483, 0.771007657051, 0.254826664925, 0.670571565628, 0.230287104845, 0.717846632004, 0.230272814631, 0.603291034698, 0.226889118552, 0.243759423494, 0.257599145174, 0.285510838032, 0.282760113478, 0.837412893772, 0.253792881966, 0.283769220114, 0.281254678965, , , 0.586521744728, 0.454031854868, , ;
64, 1.1598212719, 0.200346618891, 1.3098212719, 0.290346618891, 1.0098212719, 0.290346618891, 1.0098212719, 0.110346618891, 1.3098212719, 0.110346618891, 0.770877540112, 0.254667758942, 0.670529186726, 0.230255484581, 0.717828631401, 0.230321630836, 0.603246808052, 0.226924031973, 0.243724793196, 0.257618755102, 0.284237474203, 0.282862514257, 0.837388455868, 0.25382360816, 0.292681872845, 0.280267447233, 0.24458783865, 0.269411832094, 0.586645126343, 0.453958004713, , ;
65, 1.15874958038, 0.19878166914, 1.30874958038, 0.28878166914, 1.00874958038, 0.28878166914, 1.00874958038, 0.10878166914, 1.30874958038, 0.10878166914, 0.770857036114, 0.25458714366, 0.670598685741, 0.230292066932, 0.717889070511, 0.23029743135, 0.603348612785, 0.226870879531, 0.24379773438, 0.257567703724, 0.284693151712, 0.282466083765, 0.837430596352, 0.253780037165, 0.287437438965, 0.280898600817, 0.244381502271, 0.26921710372, 0.58686631918, 0.454110234976, , ;
66, 1.15864431858, 0.198774859309, 1.30864431858, 0.288774859309, 1.00864431858, 0.288774859309, 1.00864431858, 0.108774859309, 1.30864431858, 0.108774859309, 0.770962178707, 0.254891216755, 0.670575559139, 0.23031912744, 0.71787416935, 0.23029820621, 0.603295207024, 0.226906195283, 0.243798941374, 0.257585227489, 0.284575223923, 0.282619655132, 0.837405145168, 0.25393512845, 0.287560999393, 0.280982106924, 0.244392737746, 0.269276171923, 0.586625516415, 0.454088836908, , ;
67, 1.15862703323, 0.199286848307, 1.30862703323, 0.289286848307, 1.00862703323, 0.289286848307, 1.00862703323, 0.109286848307, 1.30862703323, 0.109286848307, 0.770941138268, 0.254736721516, 0.670544564724, 0.230331227183, 0.717841744423, 0.230312302709, 0.603340744972, 0.226856261492, 0.243851065636, 0.257663786411, 0.284383386374, 0.28268122673, 0.837368488312, 0.253933727741, 0.288338959217, 0.281741708517, 0.245006263256, 0.269832164049, 0.586531579494, 0.454062014818, , ;
68, 1.1586509943, 0.198771953583, 1.3086509943, 0.288771953583, 1.0086509943, 0.288771953583, 1.0086509943, 0.108771953583, 1.3086509943, 0.108771953583, 0.771021962166, 0.254780441523, 0.670538067818, 0.230242967606, 0.71783798933, 0.230311736465, 0.603360116482, 0.226822763681, 0.243738353252, 0.25760987401, 0.284532278776, 0.28256431222, 0.837305963039, 0.253682613373, 0.288290798664, 0.281728297472, 0.244915187359, 0.269794106483, 0.586692214012, 0.453934818506, , ;
69, 1.15889537334, 0.199699193239, 1.30889537334, 0.289699193239, 1.00889537334, 0.289699193239, 1.00889537334, 0.109699193239, 1.30889537334, 0.109699193239, 0.771000564098, 0.254857450724, 0.670609652996, 0.230230212212, 0.717837274075, 0.230281323195, 0.60346108675, 0.226764082909, 0.243745133281, 0.257608413696, 0.284613877535, 0.28254109621, 0.837320327759, 0.253681778908, 0.288319319487, 0.281735062599, 0.244967371225, 0.269823342562, 0.58679574728, 0.454067260027, , ;
70, 1.15891551971, 0.19962592423, 1.30891551971, 0.28962592423, 1.00891551971, 0.28962592423, 1.00891551971, 0.10962592423, 1.30891551971, 0.10962592423, 0.770779669285, 0.254574686289, , , 0.717677056789, 0.230082690716, 0.60403829813, 0.226589471102, 0.243746221066, 0.25760525465, 0.284481167793, 0.282680273056, 0.837372303009, 0.253929108381, 0.288312405348, 0.281746298075, 0.244936063886, 0.269778937101, 0.586574673653, 0.453918099403, , ;
71, 1.15879571438, 0.199517503381, 1.30879571438, 0.289517503381, 1.00879571438, 0.289517503381, 1.00879571438, 0.109517503381, 1.30879571438, 0.109517503381, 0.770719528198, 0.25474613905, 0.670374631882, 0.229873985052, 0.717816054821, 0.230217710137, 0.604178786278, 0.22645150125, 0.243750855327, 0.257642745972, 0.284510195255, 0.282727748156, 0.837369441986, 0.253947794437, 0.288344293833, 0.281807303429, 0.245018050075, 0.269874364138, 0.58652806282, 0.453896760941, 0.64015519619, 0.451772153378;
72, 1.15874266624, 0.199577480555, 1.30874266624, 0.289577480555, 1.00874266624, 0.289577480555, 1.00874266624, 0.109577480555, 1.30874266624, 0.109577480555, 0.770755171776, 0.254730671644, 0.670379459858, 0.229826956987, 0.717946469784, 0.230183020234, 0.604126811028, 0.226578146219, 0.243774175644, 0.257574379444, 0.285313844681, 0.283117473125, 0.837437272072, 0.253786921501, 0.288312315941, 0.28169670701, 0.24488581717, 0.269894421101, , , , ;
73, 1.15869581699, 0.19880387187, 1.30869581699, 0.28880387187, 1.00869581699, 0.28880387187, 1.00869581699, 0.10880387187, 1.30869581699, 0.10880387187, 0.770833313465, 0.255019247532, 0.670607924461, 0.22989551723, 0.717808187008, 0.230145439506, 0.603361427784, 0.226793467999, 0.24376244843, 0.257627874613, 0.284782797098, 0.282653540373, 0.837393403053, 0.253952920437, 0.288366019726, 0.281624138355, 0.244882240891, 0.269790381193, 0.586573064327, 0.453790277243, , ;
74, 1.15872645378, 0.198817878962, 1.30872645378, 0.288817878962, 1.00872645378, 0.288817878962, 1.00872645378, 0.108817878962, 1.30872645378, 0.108817878962, 0.770978689194, 0.25486972928, 0.670602738857, 0.229894995689, 0.71782130003, 0.230154380202, 0.603332459927, 0.226941093802, 0.243749529123, 0.257614940405, 0.283863037825, 0.28276091814, 0.83740478754, 0.253801256418, 0.28792449832, 0.281883209944, 0.244824782014, 0.269820064306, 0.586449861526, 0.453938364983, , ;
75, 1.15881145, 0.199521765113, 1.30881145, 0.289521765113, 1.00881145, 0.289521765113, 1.00881145, 0.109521765113, 1.30881145, 0.109521765113, 0.770814597607, 0.254578232765, 0.670561254025, 0.229890465736, 0.717786371708, 0.230119138956, 0.603195250034, 0.22689691186, 0.243749067187, 0.257615029812, 0.28387337923, 0.282723754644, 0.837388515472, 0.253789454699, 0.289311677217, 0.282687276602, 0.244908481836, 0.269927233458, 0.586316764355, 0.453771233559, , ;
76, 1.15869438648, 0.198799028993, 1.30869438648, 0.288799028993, 1.00869438648, 0.288799028993, 1.00869438648, 0.108799028993, 1.30869438648, 0.108799028993, 0.770845293999, 0.254710167646, 0.67055863142, 0.229918643832, 0.717763721943, 0.230092272162, 0.603174030781, 0.227064996958, 0.243725821376, 0.257611006498, 0.245145455003, 0.26980510354, 0.837364017963, 0.253934919834, 0.289454430342, 0.281893014908, 0.284536778927, 0.283113002777, 0.586301505566, 0.45368334651, , ;
77, 1.15871298313, 0.19873355329, 1.30871298313, 0.28873355329, 1.00871298313, 0.28873355329, 1.00871298313, 0.10873355329, 1.30871298313, 0.10873355329, 0.770987868309, 0.254830986261, 0.670591950417, 0.229809552431, 0.717783212662, 0.230110511184, 0.603455126286, 0.226823151112, 0.243730604649, 0.257606625557, 0.245047837496, 0.269981861115, 0.837383985519, 0.253646701574, 0.289469122887, 0.281837970018, 0.284555912018, 0.28320941329, 0.586543440819, 0.453644394875, , ;
78, 1.15871930122, 0.198734000325, 1.30871930122, 0.288734000325, 1.00871930122, 0.288734000325, 1.00871930122, 0.108734000325, 1.30871930122, 0.108734000325, 0.77108091116, 0.25487563014, 0.670669317245, 0.229844167829, 0.717718422413, 0.230230972171, 0.603525280952, 0.226887866855, 0.243775352836, 0.257618933916, 0.245100334287, 0.270004630089, 0.837410092354, 0.253676980734, 0.289525806904, 0.281870514154, 0.284329593182, 0.283151298761, 0.586655378342, 0.453890681267, , ;
79, 1.15920627117, 0.199850469828, 1.30920627117, 0.289850469828, 1.00920627117, 0.289850469828, 1.00920627117, 0.109850469828, 1.30920627117, 0.109850469828, 0.771004676819, 0.254738718271, 0.670656323433, 0.229865327477, 0.717806637287, 0.2300696522, 0.603417396545, 0.226727470756, 0.243807420135, 0.257611721754, 0.245125353336, 0.270029425621, 0.837448358536, 0.253787845373, 0.28956079483, 0.281856536865, 0.284391254187, 0.282936155796, 0.586601555347, 0.453740954399, 0.349478036165, 0.36689633131;
80, 1.15873634815, 0.198897153139, 1.30873634815, 0.288897153139, 1.00873634815, 0.288897153139, 1.00873634815, 0.108897153139, 1.30873634815, 0.108897153139, 0.771018624306, 0.254866570234, 0.670599937439, 0.229837551713, 0.717794656754, 0.230129957199, 0.603389680386, 0.226770371199, 0.243763178587, 0.257616251707, 0.244974449277, 0.269954532385, 0.837404847145, 0.253680229187, 0.289514303207, 0.281877398491, 0.284290999174, 0.283621698618, 0.58661210537, 0.453676402569, 0.349247634411, 0.367106884718;
81, 1.15852868557, 0.198719277978, 1.30852868557, 0.288719277978, 1.00852868557, 0.288719277978, 1.00852868557, 0.108719277978, 1.30852868557, 0.108719277978, 0.770893275738, 0.254838526249, 0.670523941517, 0.229841798544, 0.717733681202, 0.230120256543, 0.60333865881, 0.226768016815, 0.243674188852, 0.257613748312, 0.244998440146, 0.27000901103, 0.83725976944, 0.253684580326, 0.289437681437, 0.281865179539, , , 0.586526155472, 0.453822702169, 0.349083721638, 0.367304205894;
82, 1.15911793709, 0.200134977698, 1.30911793709, 0.290134977698, 1.00911793709, 0.290134977698, 1.00911793709, 0.110134977698, 1.30911793709, 0.110134977698, 0.770870447159, 0.254755169153, 0.670629858971, 0.22981852293, 0.717824816704, 0.230121508241, 0.603451967239, 0.226815924048, 0.243769600987, 0.257608950138, 0.245109170675, 0.270033597946, 0.837398886681, 0.253435343504, 0.289542675018, 0.281867533922, , , 0.586542785168, 0.453634798527, 0.349394083023, 0.366767704487;
83, 1.15997958183, 0.199478834867, 1.30997958183, 0.289478834867, 1.00997958183, 0.289478834867, 1.00997958183, 0.109478834867, 1.30997958183, 0.109478834867, 0.771042943001, 0.254624933004, , , 0.717355251312, 0.230641752481, 0.603451251984, 0.226849466562, 0.243757352233, 0.257595986128, 0.245075926185, 0.269997507334, 0.289376884699, 0.281866908073, 0.634243369102, 0.319007724524, , , 0.58648866415, 0.453786760569, 0.349430561066, 0.366847842932;
84, 1.1587600708, 0.198645249009, 1.3087600708, 0.288645249009, 1.0087600708, 0.288645249009, 1.0087600708, 0.108645249009, 1.3087600708, 0.108645249009, 0.77110928297, 0.254759699106, 0.670531630516, 0.230269804597, 0.717816948891, 0.230313524604, 0.603142857552, 0.226936519146, 0.243712976575, 0.257633775473, 0.245155468583, 0.269800037146, 0.262778222561, 0.248452484608, 0.289314210415, 0.282077759504, 0.284151345491, 0.282988578081, 0.586565136909, 0.453690320253, 0.349252700806, 0.367251753807;
85, 1.15873134136, 0.19882415235, 1.30873134136, 0.28882415235, 1.00873134136, 0.28882415235, 1.00873134136, 0.10882415235, 1.30873134136, 0.10882415235, 0.771072566509, 0.254645287991, 0.670633673668, 0.230238690972, 0.71786570549, 0.230296060443, 0.603241860867, 0.226893529296, 0.243784412742, 0.25758510828, 0.244662478566, 0.269531786442, 0.246202930808, 0.257880270481, 0.289017915726, 0.281746774912, , , 0.586302220821, 0.453633278608, 0.349275499582, 0.366878926754;
86, 1.15868163109, 0.199881955981, 1.30868163109, 0.289881955981, 1.00868163109, 0.289881955981, 1.00868163109, 0.109881955981, 1.30868163109, 0.109881955981, 0.771110534668, 0.2547506392, 0.670526623726, 0.23022082448, 0.717834949493, 0.230301588774, 0.603170275688, 0.226917847991, 0.243733718991, 0.257608026266, 0.244582146406, 0.269370168447, 0.245353087783, 0.263123303652, 0.289190322161, 0.280915766954, 0.284298747778, 0.283839851618, 0.586286485195, 0.453598231077, 0.349173903465, 0.367319494486;
87, 1.1589256525, 0.199625685811, 1.3089256525, 0.289625685811, 1.0089256525, 0.289625685811, 1.0089256525, 0.109625685811, 1.3089256525, 0.109625685811, 0.771013855934, 0.254619807005, 0.670578479767, 0.230210870504, 0.717837691307, 0.230298563838, 0.603422880173, 0.226771891117, 0.243736833334, 0.257607758045, 0.244806364179, 0.269858390093, 0.246016606688, 0.264104574919, 0.289700359106, 0.281531512737, 0.284310847521, 0.282866567373, 0.586484730244, 0.45357683301, 0.348671674728, 0.367141783237;
88, 1.1586561203, 0.199139565229, 1.3086561203, 0.289139565229, 1.0086561203, 0.289139565229, 1.0086561203, 0.109139565229, 1.3086561203, 0.109139565229, 0.771107137203, 0.25459882617, 0.670611441135, 0.23023635149, 0.717885255814, 0.230307236314, 0.603467524052, 0.226774021983, 0.243782386184, 0.257612645626, 0.24488927424, 0.269897192717, 0.24611659348, 0.264185935259, 0.289795845747, 0.281604856253, 0.284407377243, 0.282907009125, 0.586554884911, 0.453568011522, 0.34936389327, 0.366621047258;
89, 1.15871465206, 0.198908984661, 1.30871465206, 0.288908984661, 1.00871465206, 0.288908984661, 1.00871465206, 0.108908984661, 1.30871465206, 0.108908984661, 0.77110850811, 0.254757255316, 0.670590519905, 0.230227336287, 0.717845022678, 0.230287492275, 0.60338896513, 0.226837024093, 0.243757590652, 0.257611215115, 0.244835436344, 0.269873529673, 0.246018052101, 0.264165431261, 0.289743602276, 0.281576067209, 0.284274160862, 0.282950520515, 0.58648365736, 0.453680813313, 0.349207788706, 0.367279469967;
90, 1.15887570381, 0.199575975537, 1.30887570381, 0.289575975537, 1.00887570381, 0.289575975537, 1.00887570381, 0.109575975537, 1.30887570381, 0.109575975537, 0.770967960358, 0.25485560298, , , 0.717800617218, 0.2302275002, , , 0.243746429682, 0.257599413395, 0.244810730219, 0.269860029221, 0.245974704623, 0.264120638371, 0.289706498384, 0.281537175179, , , 0.586525380611, 0.453722834587, 0.349406570196, 0.366866856813;
91, 1.15843653679, 0.198889404535, 1.30843653679, 0.288889404535, 1.00843653679, 0.288889404535, 1.00843653679, 0.108889404535, 1.30843653679, 0.108889404535, 0.770952165127, 0.254924118519, 0.670091629028, 0.23014305532, 0.717721104622, 0.230204686522, 0.603188872337, 0.22678078711, 0.243712306023, 0.257618784904, 0.244929090142, 0.269828915596, 0.245961800218, 0.264134019613, 0.289661556482, 0.281553179026, 0.284328699112, 0.282811373472, , , , ;
92, 1.15872478485, 0.198821559548, 1.30872478485, 0.288821559548, 1.00872478485, 0.288821559548, 1.00872478485, 0.108821559548, 1.30872478485, 0.108821559548, 0.771214127541, 0.254641890526, 0.670610308647, 0.230372920632, 0.717858970165, 0.230309680104, 0.603216290474, 0.226913198829, 0.243751257658, 0.257612466812, 0.245046004653, 0.269826710224, 0.246118694544, 0.264475435019, 0.289677798748, 0.281837940216, 0.28437051177, 0.283049941063, 0.313186049461, 0.253279566765, 0.348230481148, 0.367242336273;
93, 1.15966248512, 0.199871778488, 1.30966248512, 0.289871778488, 1.00966248512, 0.289871778488, 1.00966248512, 0.109871778488, 1.30966248512, 0.109871778488, 0.771013081074, 0.254620969296, 0.67056709528, 0.230355888605, 0.717829823494, 0.230302080512, 0.603164732456, 0.226919591427, 0.24369803071, 0.25758638978, 0.289315015078, 0.280988007784, 0.245503202081, 0.263381242752, 0.284134805202, 0.282890319824, 0.244109094143, 0.269021511078, , , 0.349483072758, 0.36683383584;
94, 1.15904152393, 0.199524596334, 1.30904152393, 0.289524596334, 1.00904152393, 0.289524596334, 1.00904152393, 0.109524596334, 1.30904152393, 0.109524596334, 0.771039605141, 0.254634320736, 0.670658946037, 0.230186969042, 0.717822492123, 0.230259656906, 0.603388726711, 0.226824194193, 0.24373228848, 0.257603555918, 0.284455984831, 0.28254750371, 0.245818451047, 0.264066547155, 0.289472818375, 0.281562924385, 0.24473130703, 0.269795417786, 0.61953407526, 0.142820119858, 0.349270731211, 0.367072999477;
95, 1.15795743465, 0.197900831699, 1.30795743465, 0.287900831699, 1.00795743465, 0.287900831699, 1.00795743465, 0.107900831699, 1.30795743465, 0.107900831699, 0.771193087101, 0.254687577486, 0.670613765717, 0.230482131243, 0.717837154865, 0.230279877782, 0.603378653526, 0.22683224082, 0.243744596839, 0.257613331079, 0.284815698862, 0.282401651144, 0.246037065983, 0.264217197895, 0.289709419012, 0.281735777855, 0.244970411062, 0.269607186317, 1.19518351555, 0.150755152106, 0.348638296127, 0.367301791906;
96, 1.15888118744, 0.20031554997, 1.30888118744, 0.29031554997, 1.00888118744, 0.29031554997, 1.00888118744, 0.11031554997, 1.30888118744, 0.11031554997, 0.771111309528, 0.254622250795, 0.670491218567, 0.230400666595, 0.717798411846, 0.230339854956, 0.603267550468, 0.226877391338, 0.243675649166, 0.257635086775, 0.284259438515, 0.282848745584, 0.245774552226, 0.263633549213, 0.289399653673, 0.281372159719, , , 1.24050414562, 0.16317397356, 0.348999291658, 0.367354691029;
97, 1.15920960903, 0.199706345797, 1.30920960903, 0.289706345797, 1.00920960903, 0.289706345797, 1.00920960903, 0.109706345797, 1.30920960903, 0.109706345797, 0.771093666553, 0.254714846611, 0.670574367046, 0.230288937688, 0.71783220768, 0.23030026257, 0.603372216225, 0.226754307747, 0.243715494871, 0.257583588362, 0.285617113113, 0.283074826002, 0.245957404375, 0.26424819231, 0.289680033922, 0.281738907099, 0.244937285781, 0.269593000412, 1.24297583103, 0.164583265781, 0.349233925343, 0.367136597633;
98, 1.15961718559, 0.199832946062, 1.30961718559, 0.289832946062, 1.00961718559, 0.289832946062, 1.00961718559, 0.109832946062, 1.30961718559, 0.109832946062, 0.771043658257, 0.254619657993, 0.670609354973, 0.230338931084, 0.71785056591, 0.230272680521, 0.6034116745, 0.226766645908, 0.243752196431, 0.257594794035, 0.284504652023, 0.282415598631, 0.245993286371, 0.264131575823, 0.289695620537, 0.281671047211, 0.244817584753, 0.26979508996, 1.24303710461, 0.164562597871, 0.348693966866, 0.367386192083;
99, 1.15884745121, 0.199845314026, 1.30884745121, 0.289845314026, 1.00884745121, 0.289845314026, 1.00884745121, 0.109845314026, 1.30884745121, 0.109845314026, 0.771164953709, 0.254715979099, 0.670648694038, 0.23036056757, 0.717861294746, 0.230296492577, 0.603419840336, 0.22677756846, 0.243766561151, 0.257614940405, 0.284853339195, 0.282331049442, 0.245924502611, 0.264097541571, 0.289685726166, 0.281634122133, 0.24474413693, 0.269782692194, 1.24295067787, 0.16446711123, 0.349204838276, 0.367113411427;
100, 1.1583366394, 0.197885110974, 1.3083366394, 0.287885110974, 1.0083366394, 0.287885110974, 1.0083366394, 0.107885110974, 1.3083366394, 0.107885110974, 0.829481482506, 0.300466924906, 0.670526444912, 0.229507803917, 0.718904078007, 0.230350583792, 0.603416383266, 0.226765453815, 0.243750676513, 0.257591187954, 0.284572273493, 0.282380819321, 0.245966285467, 0.264118343592, 0.289674282074, 0.281651616096, 0.244614198804, 0.26953047514, 1.2430870533, 0.164464563131, 0.349278628826, 0.367091149092;
101, 1.15915846825, 0.199750050902, 1.30915846825, 0.289750050902, 1.00915846825, 0.289750050902, 1.00915846825, 0.109750050902, 1.30915846825, 0.109750050902, 1.04149031639, 0.326447486877, 0.670515060425, 0.229639813304, 0.718864202499, 0.230681180954, 0.603348791599, 0.226847812533, 0.243765667081, 0.257614403963, 0.284712612629, 0.282374858856, 0.246262654662, 0.26392686367, 0.289670437574, 0.28162497282, 0.244851544499, 0.269482731819, 1.24296319485, 0.164609208703, 0.348908752203, 0.367067664862;
102, 1.15844392776, 0.199265673757, 1.30844392776, 0.289265673757, 1.00844392776, 0.289265673757, 1.00844392776, 0.109265673757, 1.30844392776, 0.109265673757, 1.06874072552, 0.349593788385, 0.670434594154, 0.230105608702, 0.718903422356, 0.230770930648, 0.603303253651, 0.226870000362, 0.243648663163, 0.257697790861, 0.284294992685, 0.28274846077, 0.245848089457, 0.264524042606, 0.289682209492, 0.281818687916, 0.244940191507, 0.269620865583, 1.24291849136, 0.164634242654, 0.348866194487, 0.367353916168;
103, 1.15869855881, 0.198824092746, 1.30869855881, 0.288824092746, 1.00869855881, 0.288824092746, 1.00869855881, 0.108824092746, 1.30869855881, 0.108824092746, 1.07080388069, 0.352578282356, 0.670295655727, 0.229487806559, 0.719148039818, 0.230747058988, 0.603399217129, 0.226761847734, 0.243740662932, 0.257605344057, 0.284509539604, 0.282485902309, 0.246051758528, 0.264171779156, 0.28973031044, 0.281700193882, 0.244916468859, 0.269730389118, 1.24300801754, 0.164478465915, 0.349196374416, 0.367356657982;
104, 1.15868198872, 0.198784321547, 1.30868198872, 0.288784321547, 1.00868198872, 0.288784321547, 1.00868198872, 0.108784321547, 1.30868198872, 0.108784321547, 1.07094168663, 0.352587670088, 0.670532763004, 0.229553028941, 0.719273746014, 0.230847597122, 0.603403747082, 0.2268525213, 0.243778958917, 0.257622033358, 0.284597575665, 0.282399088144, 0.245974227786, 0.264127641916, 0.289698123932, 0.281655222178, 0.244815796614, 0.269839972258, 1.24293613434, 0.164527654648, 0.349318116903, 0.367101788521;
105, 1.15843260288, 0.198672220111, 1.30843260288, 0.288672220111, 1.00843260288, 0.288672220111, 1.00843260288, 0.108672220111, 1.30843260288, 0.108672220111, 1.07086527348, 0.352587729692, 0.670515954494, 0.229595199227, 0.719118773937, 0.230766177177, 0.603332579136, 0.226776838303, 0.243715018034, 0.257605165243, 0.284491300583, 0.282534718513, 0.245858833194, 0.264120906591, 0.289497584105, 0.28161367774, 0.244753584266, 0.269820898771, 1.24307107925, 0.164513453841, 0.349236309528, 0.366910129786;
106, 1.15852320194, 0.198683083057, 1.30852320194, 0.288683083057, 1.00852320194, 0.288683083057, 1.00852320194, 0.108683083057, 1.30852320194, 0.108683083057, 1.07086634636, 0.352657526731, 0.6706802845, 0.229643598199, 0.737244725227, 0.229312375188, 0.603337109089, 0.226864770055, 0.243829086423, 0.257708519697, 0.284832954407, 0.282332479954, 0.245943680406, 0.264119416475, 0.289672940969, 0.281666785479, 0.244881302118, 0.269513130188, 1.24305903912, 0.164578780532, 0.349067866802, 0.36734431982;
107, 1.15881800652, 0.199048295617, 1.30881800652, 0.289048295617, 1.00881800652, 0.289048295617, 1.00881800652, 0.109048295617, 1.30881800652, 0.109048295617, 1.07088041306, 0.352561295033, 0.670733332634, 0.229642853141, 1.19161510468, 0.222928360105, 0.60341489315, 0.226764649153, 0.243768528104, 0.25760653615, 0.2845903337, 0.282500773668, 0.246014595032, 0.26420930028, 0.289746910334, 0.28170633316, 0.244812235236, 0.269787162542, , , 0.349534809589, 0.367077320814;
108, 1.15872681141, 0.198718413711, 1.30872681141, 0.288718413711, 1.00872681141, 0.288718413711, 1.00872681141, 0.108718413711, 1.30872681141, 0.108718413711, 1.07117962837, 0.352689146996, 0.670688450336, 0.229681402445, 1.25684511662, 0.346451222897, 0.603328645229, 0.226874083281, 0.24373626709, 0.257636368275, 0.284838408232, 0.282347977161, 0.24592885375, 0.264151006937, 0.289661824703, 0.281684696674, 0.244939133525, 0.269571959972, 1.24285686016, 0.164519697428, 0.349426597357, 0.366731703281;
109, 1.15805876255, 0.198566272855, 1.30805876255, 0.288566272855, 1.00805876255, 0.288566272855, 1.00805876255, 0.108566272855, 1.30805876255, 0.108566272855, 1.07079267502, 0.352732390165, 0.670615255833, 0.229659467936, 1.26179838181, 0.328313142061, 0.60326397419, 0.226888626814, 0.243654564023, 0.257651001215, 0.284213840961, 0.282660007477, 0.245826795697, 0.264153033495, 0.289586693048, 0.281664699316, 0.244801715016, 0.269444048405, 1.24269127846, 0.16462649405, 0.349153578281, 0.367302149534;
110, 1.15896809101, 0.198489755392, 1.30896809101, 0.288489755392, 1.00896809101, 0.288489755392, 1.00896809101, 0.108489755392, 1.30896809101, 0.108489755392, 1.07106637955, 0.352394461632, 0.67089921236, 0.229551643133, 1.26211714745, 0.328868806362, 0.603531658649, 0.226727232337, 0.243856325746, 0.257507264614, 0.284596025944, 0.282570451498, 0.246061488986, 0.263361543417, 0.289606839418, 0.281190782785, 0.244489446282, 0.269274413586, 1.24327504635, 0.164064630866, 0.349245101213, 0.367022335529;
111, 1.15868031979, 0.198822081089, 1.30868031979, 0.288822081089, 1.00868031979, 0.288822081089, 1.00868031979, 0.108822081089, 1.30868031979, 0.108822081089, 1.07096517086, 0.352661907673, 0.670661628246, 0.229624122381, , , 0.603266716003, 0.226816833019, 0.243779987097, 0.257626503706, 0.28486558795, 0.282541871071, 0.245847001672, 0.263638019562, 0.289581388235, 0.281385600567, 0.244742259383, 0.269678264856, 1.24299883842, 0.164472192526, 0.349445402622, 0.366810381413;
112, 1.15858960152, 0.199012711644, 1.30858960152, 0.289012711644, 1.00858960152, 0.289012711644, 1.00858960152, 0.109012711644, 1.30858960152, 0.109012711644, 1.07092344761, 0.352739453316, 0.670588612556, 0.229691937566, , , 0.603145182133, 0.226897895336, 0.243671938777, 0.257650882006, 0.284142524004, 0.282571256161, 0.245855405927, 0.264281928539, 0.289609402418, 0.281766027212, 0.244894683361, 0.269636124372, 1.24308300018, 0.16448572278, 0.349388718605, 0.366861909628;
113, 1.15862059593, 0.198632180691, 1.30862059593, 0.288632180691, 1.00862059593, 0.288632180691, 1.00862059593, 0.108632180691, 1.30862059593, 0.108632180691, 1.07088398933, 0.352670699358, 0.670520603657, 0.229868367314, , , 0.60304325819, 0.22706784308, 0.243663623929, 0.257604271173, 0.284342378378, 0.282685101032, 0.245937898755, 0.264300316572, 0.289647102356, 0.281769812107, 0.244891181588, 0.269606292248, 1.24305558205, 0.164446130395, 0.349124968052, 0.367212384939;
114, 1.15871608257, 0.198888540268, 1.30871608257, 0.288888540268, 1.00871608257, 0.288888540268, 1.00871608257, 0.108888540268, 1.30871608257, 0.108888540268, 1.07105875015, 0.352577388287, 0.670783519745, 0.229673296213, , , 0.603459715843, 0.226823374629, 0.243808507919, 0.257608801126, 0.284896433353, 0.282420665026, 0.246096745133, 0.264356583357, 0.28980794549, 0.281825453043, 0.245018199086, 0.269788920879, 1.24293875694, 0.164618566632, , ;
115, 1.15879881382, 0.198748663068, 1.30879881382, 0.288748663068, 1.00879881382, 0.288748663068, 1.00879881382, 0.108748663068, 1.30879881382, 0.108748663068, , , 0.670752346516, 0.229663208127, , , 0.603364944458, 0.226810380816, 0.243789806962, 0.257635980844, 0.284550875425, 0.282530367374, 0.245961248875, 0.264058023691, 0.289691656828, 0.28163805604, , , 1.24319028854, 0.164324700832, , ;
116, 1.15866923332, 0.198701307178, 1.30866923332, 0.288701307178, 1.00866923332, 0.288701307178, 1.00866923332, 0.108701307178, 1.30866923332, 0.108701307178, , , 0.670641601086, 0.229673296213, , , 0.603242397308, 0.226819455624, 0.243683844805, 0.257640361786, 0.284238129854, 0.282643616199, 0.245890378952, 0.264298051596, 0.2895385921, 0.282102793455, , , 1.24299621582, 0.164352685213, , ;
117, 1.15876376629, 0.198741227388, 1.30876376629, 0.288741227388, 1.00876376629, 0.288741227388, 1.00876376629, 0.108741227388, 1.30876376629, 0.108741227388, 1.07173919678, 0.354398012161, 0.670691013336, 0.229679912329, , , 0.60328578949, 0.226874366403, 0.243724033237, 0.257640570402, 0.284526765347, 0.282634973526, 0.245901912451, 0.264255344868, 0.28965318203, 0.281760811806, 0.244924947619, 0.269568711519, 1.24326097965, 0.164445862174, , ;
118, 1.15855276585, 0.199028149247, 1.30855276585, 0.289028149247, 1.00855276585, 0.289028149247, 1.00855276585, 0.109028149247, 1.30855276585, 0.109028149247, 1.07177054882, 0.354394853115, 0.670710146427, 0.229599118233, , , 0.603319823742, 0.226835101843, 0.243743300438, 0.257603406906, 0.284817516804, 0.282398551702, 0.245990365744, 0.264309376478, 0.289718300104, 0.281798541546, 0.245143741369, 0.269332438707, 1.24306869507, 0.164328843355, , ;
119, 1.15863895416, 0.1988722682, 1.30863895416, 0.2888722682, 1.00863895416, 0.2888722682, 1.00863895416, 0.1088722682, 1.30863895416, 0.1088722682, 1.07189643383, 0.354476988316, 0.670700728893, 0.22967299819, , , 0.603308975697, 0.226863965392, 0.243740707636, 0.257632017136, 0.285304784775, 0.283937305212, 0.245937675238, 0.264256358147, 0.289655566216, 0.281779825687, 0.244921639562, 0.269611418247, 1.24303162098, 0.164722636342, , ;
120, 1.15860486031, 0.198801115155, 1.30860486031, 0.288801115155, 1.00860486031, 0.288801115155, 1.00860486031, 0.108801115155, 1.30860486031, 0.108801115155, 1.07178652287, 0.354354321957, 0.670721054077, 0.229612663388, , , 0.603353202343, 0.226796716452, 0.243757590652, 0.257615476847, 0.284583449364, 0.282504320145, 0.245977327228, 0.264254182577, 0.2896951437, 0.281772404909, 0.244979679585, 0.269591033459, 1.24282681942, 0.164484649897, 1.05687379837, 0.228376373649;
121, 1.15859901905, 0.198896676302, 1.30859901905, 0.288896676302, 1.00859901905, 0.288896676302, 1.00859901905, 0.108896676302, 1.30859901905, 0.108896676302, 1.07170474529, 0.354382991791, 0.670672535896, 0.229641795158, , , 0.603260934353, 0.226868033409, 0.24372266233, 0.257622778416, 0.284859418869, 0.282313168049, 0.245931774378, 0.264158695936, 0.289623975754, 0.281709760427, 0.244919911027, 0.269553869963, 1.24296951294, 0.164528936148, , ;
122, 1.15855181217, 0.198903888464, 1.30855181217, 0.288903888464, 1.00855181217, 0.288903888464, 1.00855181217, 0.108903888464, 1.30855181217, 0.108903888464, 1.07176530361, 0.354450792074, 0.670705020428, 0.229612916708, , , 0.60332262516, 0.226799666882, 0.243735015392, 0.257624298334, 0.284474223852, 0.28268378973, 0.246029436588, 0.26427257061, 0.289681524038, 0.281816393137, 0.244713321328, 0.269779980183, 1.24288511276, 0.164369896054, , ;
123, 1.15861082077, 0.198818951845, 1.30861082077, 0.288818951845, 1.00861082077, 0.288818951845, 1.00861082077, 0.108818951845, 1.30861082077, 0.108818951845, 1.0718742609, 0.354471117258, 0.670668780804, 0.229667440057, , , 0.603293895721, 0.226794987917, 0.243719130754, 0.25761321187, 0.284810632467, 0.282326906919, 0.245947986841, 0.264259487391, 0.289662718773, 0.281760185957, 0.244971364737, 0.26957860589, 1.24279785156, 0.164251118898, , ;
124, 1.15864300728, 0.198765873909, 1.30864300728, 0.288765873909, 1.00864300728, 0.288765873909, 1.00864300728, 0.108765873909, 1.30864300728, 0.108765873909, 1.07170951366, 0.354374140501, 0.670706272125, 0.229651108384, 1.26269817352, 0.329092025757, 0.603295087814, 0.226875782013, 0.24374204874, 0.257644087076, 0.284526765347, 0.282504379749, 0.245986521244, 0.264157176018, 0.28965985775, 0.281720012426, 0.244853526354, 0.269507467747, 1.24297988415, 0.164428725839, , ;
125, 1.1585381031, 0.198638305068, 1.3085381031, 0.288638305068, 1.0085381031, 0.288638305068, 1.0085381031, 0.108638305068, 1.3085381031, 0.108638305068, 1.07195055485, 0.354365885258, 0.670702636242, 0.229650452733, 1.26176476479, 0.329783022404, 0.603336572647, 0.226789861917, 0.24374294281, 0.257612615824, 0.28478500247, 0.282442897558, 0.246007710695, 0.264297872782, 0.289703458548, 0.28180372715, 0.24491353333, 0.269737452269, 1.2432141304, 0.163934409618, , ;
126, 1.15858829021, 0.198881968856, 1.30858829021, 0.288881968856, 1.00858829021, 0.288881968856, 1.00858829021, 0.108881968856, 1.30858829021, 0.108881968856, 1.07191371918, 0.354457348585, 0.67072057724, 0.229645639658, 1.26260352135, 0.329043418169, 0.603292405605, 0.226861059666, 0.243760988116, 0.257622867823, 0.284553796053, 0.282625079155, 0.24569183588, 0.263910740614, 0.289681851864, 0.281774252653, 0.244975984097, 0.26960721612, , , , ;
127, 1.15853643417, 0.19871519506, 1.30853643417, 0.28871519506, 1.00853643417, 0.28871519506, 1.00853643417, 0.10871519506, 1.30853643417, 0.10871519506, 1.07187855244, 0.354457348585, 0.670688867569, 0.229663237929, 1.26171398163, 0.32980453968, 0.603261768818, 0.226861938834, 0.243724524975, 0.257620453835, 0.284279197454, 0.282702505589, 0.24597145617, 0.264267772436, 0.289672851562, 0.281788378954, 0.244957119226, 0.269596666098, , , , ;
128, 1.15865218639, 0.198948636651, 1.30865218639, 0.288948636651, 1.00865218639, 0.288948636651, 1.00865218639, 0.108948636651, 1.30865218639, 0.108948636651, 1.07174479961, 0.35444393754, 0.670715391636, 0.22965952754, 1.26176989079, 0.329799413681, 0.603295981884, 0.226856648922, 0.24375769496, 0.257617145777, 0.284821420908, 0.282412081957, 0.246014237404, 0.264252334833, 0.289694994688, 0.281770497561, 0.244997769594, 0.269620060921, 1.24313247204, 0.164513677359, , ;
129, 1.15859520435, 0.198872998357, 1.30859520435, 0.288872998357, 1.00859520435, 0.288872998357, 1.00859520435, 0.108872998357, 1.30859520435, 0.108872998357, 1.07173812389, 0.354395478964, 0.670693397522, 0.22964605689, 1.26176571846, 0.329769253731, 0.603311896324, 0.226790577173, 0.24372908473, 0.257615119219, 0.284590363503, 0.282434761524, 0.245958298445, 0.264182120562, 0.289651781321, 0.281730860472, 0.244860440493, 0.269531548023, 1.24304139614, 0.164578199387, , ;
130, 1.15859603882, 0.198802143335, 1.30859603882, 0.288802143335, 1.00859603882, 0.288802143335, 1.00859603882, 0.108802143335, 1.30859603882, 0.108802143335, 1.07179057598, 0.354463577271, 0.670706808567, 0.229640141129, 1.26173269749, 0.329800575972, 0.603321731091, 0.226800888777, 0.243736729026, 0.257619202137, 0.284613996744, 0.282436549664, 0.245965644717, 0.264223963022, 0.289659261703, 0.281756311655, 0.244606420398, 0.269771814346, 1.24295866489, 0.164481982589, , ;
131, 1.15861439705, 0.198824062943, 1.30861439705, 0.288824062943, 1.00861439705, 0.288824062943, 1.00861439705, 0.108824062943, 1.30861439705, 0.108824062943, 1.07191312313, 0.354378402233, 0.680251181126, 0.229854136705, 1.26171433926, 0.329701304436, 0.603405594826, 0.226746618748, 0.243788570166, 0.257581710815, 0.284571707249, 0.282445341349, 0.246099159122, 0.264176100492, 0.289770364761, 0.28171235323, 0.245034635067, 0.269546598196, 1.2430665493, 0.164510846138, , ;
132, 1.15872073174, 0.198736727238, 1.30872073174, 0.288736727238, 1.00872073174, 0.288736727238, 1.00872073174, 0.108736727238, 1.30872073174, 0.108736727238, 1.07178509235, 0.354464620352, 1.00197660923, 0.0622860305011, 1.26217246056, 0.329947590828, 0.603288412094, 0.226897776127, 0.24374717474, 0.257643342018, 0.284459739923, 0.282610565424, 0.245900765061, 0.264207035303, 0.28952857852, 0.281708866358, 0.24479277432, 0.269870609045, 1.24293887615, 0.16465421021, , ;
133, 1.1584250927, 0.198740676045, 1.3084250927, 0.288740676045, 1.0084250927, 0.288740676045, 1.0084250927, 0.108740676045, 1.3084250927, 0.108740676045, 1.07236492634, 0.354029685259, 1.2432911396, 0.0580998249352, 1.26177465916, 0.329803824425, 0.603249430656, 0.22688177228, 0.243712037802, 0.257619857788, 0.284728318453, 0.282471746206, 0.245941475034, 0.264275223017, 0.289510786533, 0.281778901815, 0.244754895568, 0.269888103008, 1.24289608002, 0.164368107915, , ;
134, 1.15849995613, 0.198688939214, 1.30849995613, 0.288688939214, 1.00849995613, 0.288688939214, 1.00849995613, 0.108688939214, 1.30849995613, 0.108688939214, 1.07178771496, 0.354302227497, 1.24199473858, 0.0593757852912, 1.26169359684, 0.329766273499, 0.603236496449, 0.226863846183, 0.243701979518, 0.257608741522, 0.284332424402, 0.282403439283, 0.245927453041, 0.264200896025, 0.289627015591, 0.28172904253, 0.244901537895, 0.269588708878, 1.2429831028, 0.164479315281, , ;
135, 1.15851223469, 0.198568582535, 1.30851223469, 0.288568582535, 1.00851223469, 0.288568582535, 1.00851223469, 0.108568582535, 1.30851223469, 0.108568582535, 1.07175505161, 0.354278206825, 1.26735579967, 0.0441652424634, 1.26173102856, 0.329724431038, 0.603358209133, 0.226773753762, 0.243741154671, 0.257592022419, 0.284606546164, 0.282432675362, 0.246065080166, 0.264203250408, 0.289707511663, 0.281757593155, 0.244838804007, 0.269698709249, 1.23745381832, 0.16518715024, , ;
136, 1.15858340263, 0.198636218905, 1.30858340263, 0.288636218905, 1.00858340263, 0.288636218905, 1.00858340263, 0.108636218905, 1.30858340263, 0.108636218905, 1.07180142403, 0.354402720928, 1.27300417423, 0.0504177585244, 1.26171636581, 0.329776227474, 0.603312551975, 0.226801082492, 0.243718907237, 0.257620185614, 0.284852176905, 0.28245267272, 0.245908305049, 0.264238834381, 0.2896309793, 0.281761527061, 0.244878694415, 0.26959618926, 1.24058675766, 0.164413839579, , ;
137, 1.15899634361, 0.198484882712, 1.30899634361, 0.288484882712, 1.00899634361, 0.288484882712, 1.00899634361, 0.108484882712, 1.30899634361, 0.108484882712, 1.07176554203, 0.354287415743, 1.04866206646, 0.0404241457582, 1.26175904274, 0.329798221588, 0.603321909904, 0.226880207658, 0.24375769496, 0.257624000311, 0.284512281418, 0.282440364361, 0.245941564441, 0.264268398285, 0.289683610201, 0.281774401665, 0.244835034013, 0.269732326269, 1.24682247639, 0.163151904941, , ;
138, 1.15860784054, 0.198596268892, 1.30860784054, 0.288596268892, 1.00860784054, 0.288596268892, 1.00860784054, 0.108596268892, 1.30860784054, 0.108596268892, 1.07192206383, 0.353902518749, 1.05434036255, 0.0702715888619, , , 0.603344976902, 0.226689651608, 0.243733122945, 0.257569402456, 0.284866720438, 0.282294303179, 0.245967358351, 0.264506042004, 0.289789289236, 0.281788170338, 0.245021924376, 0.269562363625, 1.24553847313, 0.163004308939, , ;
139, 1.15835344791, 0.198274821043, 1.30835344791, 0.288274821043, 1.00835344791, 0.288274821043, 1.00835344791, 0.108274821043, 1.30835344791, 0.108274821043, 1.07177603245, 0.354263842106, 1.0537828207, 0.0686902329326, 1.26255869865, 0.328924268484, 0.603356182575, 0.226732313633, 0.243762493134, 0.257535785437, 0.28456389904, 0.282315611839, 0.245999291539, 0.264029949903, 0.28953742981, 0.281573057175, 0.244802385569, 0.269735515118, 1.2455534935, 0.163409173489, , ;
140, 1.15872907639, 0.198805466294, 1.30872907639, 0.288805466294, 1.00872907639, 0.288805466294, 1.00872907639, 0.108805466294, 1.30872907639, 0.108805466294, 1.0719960928, 0.35449719429, 1.05378293991, 0.0688437148929, 1.2626003027, 0.329095512629, 0.603319883347, 0.226927787066, 0.243752732873, 0.257683992386, 0.284501284361, 0.282672464848, 0.245930776, 0.263991087675, 0.289517641068, 0.281622231007, 0.244681537151, 0.269757539034, 1.24564707279, 0.163657292724, , ;
141, 1.15825068951, 0.198141798377, 1.30825068951, 0.288141798377, 1.00825068951, 0.288141798377, 1.00825068951, 0.108141798377, 1.30825068951, 0.108141798377, 1.07195603848, 0.354280978441, 1.0537520647, 0.0686923116446, 1.26254343987, 0.328976452351, 0.603323698044, 0.22677282989, 0.243748441339, 0.257574141026, 0.284809142351, 0.282369017601, 0.246002957225, 0.264204293489, 0.289691418409, 0.281730622053, 0.244787484407, 0.269768595695, 1.24558663368, 0.163257867098, , ;
142, 1.15866792202, 0.198798045516, 1.30866792202, 0.288798045516, 1.00866792202, 0.288798045516, 1.00866792202, 0.108798045516, 1.30866792202, 0.108798045516, 1.07170557976, 0.354388326406, 1.05372679234, 0.0687489882112, 1.26253461838, 0.329028993845, 0.603256762028, 0.226880595088, 0.243718072772, 0.257634073496, 0.284595966339, 0.282453209162, 0.245966136456, 0.264241605997, 0.289664298296, 0.281773298979, 0.244959995151, 0.269606560469, 1.24561965466, 0.163683861494, , ;
143, 1.15870392323, 0.198756963015, 1.30870392323, 0.288756963015, 1.00870392323, 0.288756963015, 1.00870392323, 0.108756963015, 1.30870392323, 0.108756963015, 1.07177865505, 0.354400008917, 1.05375254154, 0.0687232241035, 1.2625541687, 0.32901930809, 0.598821818829, 0.227436184883, 0.243756398559, 0.25761500001, 0.285119205713, 0.282403826714, 0.245975360274, 0.264217823744, 0.289698928595, 0.281741768122, 0.244859263301, 0.269678413868, 1.24563860893, 0.163621753454, , ;
144, 1.15873456001, 0.198720157146, 1.30873456001, 0.288720157146, 1.00873456001, 0.288720157146, 1.00873456001, 0.108720157146, 1.30873456001, 0.108720157146, 1.07178461552, 0.354337751865, 1.05375754833, 0.0686958506703, 1.26257038116, 0.328995019197, 0.598971247673, 0.227393239737, 0.243775680661, 0.257593721151, 0.284605711699, 0.282482892275, 0.246035560966, 0.264191329479, 0.289718270302, 0.281723916531, 0.245012581348, 0.269565969706, 1.24570858479, 0.163511633873, , ;
145, 1.15870594978, 0.198744028807, 1.30870594978, 0.288744028807, 1.00870594978, 0.288744028807, 1.00870594978, 0.108744028807, 1.30870594978, 0.108744028807, 1.07174503803, 0.354350745678, 1.05373382568, 0.0687057301402, 1.26254367828, 0.329000562429, 0.598582267761, 0.227498099208, 0.243726909161, 0.257601737976, 0.284571290016, 0.282493054867, 0.245940208435, 0.264235198498, 0.289658784866, 0.281748175621, 0.244759127498, 0.269782453775, 1.24565446377, 0.163505151868, , ;
146, 1.15874528885, 0.198617592454, 1.30874528885, 0.288617592454, 1.00874528885, 0.288617592454, 1.00874528885, 0.108617592454, 1.30874528885, 0.108617592454, 1.07172763348, 0.354286134243, 1.05373311043, 0.0686425790191, 1.26253783703, 0.328942358494, 0.598671734333, 0.227419957519, 0.24373704195, 0.257580518723, 0.28456646204, 0.282426178455, 0.245944365859, 0.264120936394, 0.289587914944, 0.281580150127, , , , , , ;
147, 1.15866780281, 0.198762014508, 1.30866780281, 0.288762014508, 1.00866780281, 0.288762014508, 1.00866780281, 0.108762014508, 1.30866780281, 0.108762014508, 1.07173728943, 0.354377061129, 1.05396926403, 0.0684164687991, 1.2625477314, 0.329047501087, 0.598636806011, 0.227524906397, 0.243725016713, 0.257622271776, 0.284373372793, 0.282626181841, 0.24590459466, 0.264226794243, 0.28963765502, 0.28174212575, 0.244762331247, 0.269703626633, , , , ;
148, 1.15871334076, 0.198726981878, 1.30871334076, 0.288726981878, 1.00871334076, 0.288726981878, 1.00871334076, 0.108726981878, 1.30871334076, 0.108726981878, 1.07170724869, 0.354393750429, 1.05333960056, 0.068460687995, 1.26252675056, 0.328990876675, 0.598575115204, 0.227513879538, 0.243715435266, 0.257609903812, 0.284680575132, 0.282380491495, 0.24596041441, 0.264254838228, 0.289662718773, 0.281775176525, 0.244953244925, 0.269596397877, , , , ;
149, 1.15857541561, 0.198934480548, 1.30857541561, 0.288934480548, 1.00857541561, 0.288934480548, 1.00857541561, 0.108934480548, 1.30857541561, 0.108934480548, 1.07181584835, 0.35430431366, 1.05345952511, 0.0677913948894, 1.26255345345, 0.329015761614, 0.598605930805, 0.227507725358, 0.243764668703, 0.257620453835, 0.284838616848, 0.282409101725, 0.246006086469, 0.264238029718, 0.289723455906, 0.281762510538, 0.244936957955, 0.269745707512, 0.828028976917, 0.136949852109, , ;
150, 1.15874838829, 0.198766753078, 1.30874838829, 0.288766753078, 1.00874838829, 0.288766753078, 1.00874838829, 0.108766753078, 1.30874838829, 0.108766753078, 1.07175147533, 0.354460597038, 1.05343663692, 0.0678763389587, 1.26253342628, 0.329090207815, 0.598518431187, 0.22755305469, 0.243721053004, 0.257676869631, 0.285216063261, 0.282318979502, 0.245947822928, 0.264277756214, 0.289685636759, 0.28179576993, 0.244962096214, 0.269631147385, , , , ;
151, 1.15874648094, 0.198728248477, 1.30874648094, 0.288728248477, 1.00874648094, 0.288728248477, 1.00874648094, 0.108728248477, 1.30874648094, 0.108728248477, 1.07178330421, 0.354338973761, 1.05348598957, 0.0677856951952, 1.26258802414, 0.329009741545, 0.598516523838, 0.227514564991, 0.243729233742, 0.257620483637, 0.284859418869, 0.282319247723, 0.245909482241, 0.264237016439, 0.289516210556, 0.281727463007, 0.244767487049, 0.269859403372, , , , ;
152, 1.15869653225, 0.198750004172, 1.30869653225, 0.288750004172, 1.00869653225, 0.288750004172, 1.00869653225, 0.108750004172, 1.30869653225, 0.108750004172, 1.07202994823, 0.354350507259, 1.05351042747, 0.0678084045649, 1.26258814335, 0.329027503729, 0.598500132561, 0.227522283792, 0.243787616491, 0.257623672485, 0.284540861845, 0.282538563013, 0.246044635773, 0.264219641685, 0.289725422859, 0.28175419569, 0.244943022728, 0.269710123539, , , , ;
153, 1.15876674652, 0.198585003614, 1.30876674652, 0.288585003614, 1.00876674652, 0.288585003614, 1.00876674652, 0.108585003614, 1.30876674652, 0.108585003614, 1.07185137272, 0.354288429022, 1.0534645319, 0.0678020343184, 1.2625515461, 0.329023987055, 0.598390579224, 0.227529838681, 0.243744626641, 0.257623761892, 0.284620791674, 0.282435119152, 0.245991036296, 0.26415681839, 0.289683610201, 0.28171223402, 0.244908362627, 0.269428133965, , , , ;
154, 1.1581915617, 0.198284685612, 1.3081915617, 0.288284685612, 1.0081915617, 0.288284685612, 1.0081915617, 0.108284685612, 1.3081915617, 0.108284685612, 1.07184326649, 0.354425370693, 1.05339002609, 0.0678008124232, 1.26247143745, 0.329013884068, 0.656900167465, 0.151846259832, 0.243666246533, 0.25761526823, 0.284214824438, 0.282664388418, 0.245674550533, 0.263908714056, 0.28938639164, 0.281561434269, 0.244218170643, 0.269253998995, , , , ;
155, 1.1582056284, 0.198106884956, 1.3082056284, 0.288106884956, 1.0082056284, 0.288106884956, 1.0082056284, 0.108106884956, 1.3082056284, 0.108106884956, 1.07176923752, 0.354429006577, 1.05349838734, 0.0678170844913, 1.26259362698, 0.329034090042, 1.20940041542, -0.00619372539222, 0.243752628565, 0.257628977299, 0.284574896097, 0.282521635294, 0.245987296104, 0.264289200306, 0.289703309536, 0.281808286905, 0.244875207543, 0.269764125347, , , , ;
156, 1.15853512287, 0.198784530163, 1.30853512287, 0.288784530163, 1.00853512287, 0.288784530163, 1.00853512287, 0.108784530163, 1.30853512287, 0.108784530163, 1.07184839249, 0.354490756989, 1.05357730389, 0.06766051054, 1.26265025139, 0.329073518515, 1.24690699577, 0.0748450309038, 0.243807688355, 0.257634967566, 0.28481683135, 0.282468438148, 0.246065616608, 0.264334648848, 0.289762020111, 0.281837612391, 0.245003536344, 0.269793450832, , , , ;
157, 1.15932786465, 0.198541983962, 1.30932786465, 0.288541983962, 1.00932786465, 0.288541983962, 1.00932786465, 0.108541983962, 1.30932786465, 0.108541983962, 1.07162964344, 0.353708922863, 1.05343866348, 0.0673434734344, , , 1.24704325199, 0.0590039640665, 0.243709385395, 0.257539480925, 0.28459239006, 0.282563626766, 0.245866954327, 0.263555407524, 0.289565384388, 0.281340062618, , , , , , ;
158, 1.15934634209, 0.198251143098, 1.30934634209, 0.288251143098, 1.00934634209, 0.288251143098, 1.00934634209, 0.108251143098, 1.30934634209, 0.108251143098, 1.07180023193, 0.354342341423, 1.05353617668, 0.0678000822663, 1.26260614395, 0.32902815938, 1.24832010269, 0.0611693561077, 0.243799045682, 0.257644832134, 0.284932672977, 0.282340377569, 0.24600340426, 0.263977825642, 0.289680033922, 0.281623750925, 0.244758307934, 0.269699424505, , , , ;
159, 1.16049599648, 0.198865100741, 1.31049599648, 0.288865100741, 1.01049599648, 0.288865100741, 1.01049599648, 0.108865100741, 1.31049599648, 0.108865100741, 1.07187521458, 0.354297876358, 1.05346739292, 0.0677096992731, 1.26252257824, 0.328929901123, 1.24826002121, 0.0610934123397, 0.243716463447, 0.257576018572, 0.284500151873, 0.282376587391, 0.245909884572, 0.264144182205, 0.289651215076, 0.281662791967, 0.244361892343, 0.269300937653, , , , ;
160, 1.15945136547, 0.198562830687, 1.30945136547, 0.288562830687, 1.00945136547, 0.288562830687, 1.00945136547, 0.108562830687, 1.30945136547, 0.108562830687, 1.07173931599, 0.354313522577, 1.05346727371, 0.0678297579288, 1.2625387907, 0.32905036211, 1.24829041958, 0.06121417135, 0.243708863854, 0.257644236088, 0.284264594316, 0.282705068588, 0.245825842023, 0.264192193747, 0.28945478797, 0.281690746546, 0.24439701438, 0.26937776804, , , , ;
161, 1.15923786163, 0.198250666261, 1.30923786163, 0.288250666261, 1.00923786163, 0.288250666261, 1.00923786163, 0.108250666261, 1.30923786163, 0.108250666261, 1.07172751427, 0.354324251413, 1.05348169804, 0.0677696838975, 1.26255071163, 0.328986406326, 1.24825739861, 0.0611313395202, 0.243732556701, 0.257604569197, 0.284590154886, 0.282501190901, 0.24601085484, 0.26430144906, 0.289695471525, 0.281799823046, 0.244829744101, 0.269784450531, , , , ;
162, 1.15937173367, 0.198331519961, 1.30937173367, 0.288331519961, 1.00937173367, 0.288331519961, 1.00937173367, 0.108331519961, 1.30937173367, 0.108331519961, 1.07177019119, 0.354388058186, 1.05343496799, 0.0675699785352, 1.26256763935, 0.329016834497, 1.24810445309, 0.0615428872406, 0.243778854609, 0.257635861635, 0.284515351057, 0.282561510801, 0.246071875095, 0.26427808404, 0.289761334658, 0.281798869371, 0.2449785918, 0.269760400057, , , , ;
163, 1.1609814167, 0.197691649199, 1.3109814167, 0.287691649199, 1.0109814167, 0.287691649199, 1.0109814167, 0.107691649199, 1.3109814167, 0.107691649199, 1.07183647156, 0.35430753231, 1.05351686478, 0.0677738040686, 1.26257264614, 0.328997671604, 1.24832940102, 0.0611541420221, 0.243774190545, 0.257603287697, 0.284829854965, 0.282394737005, 0.245975241065, 0.264175415039, 0.289707779884, 0.281701087952, 0.244821593165, 0.269795328379, 1.23924863338, 0.00469798501581, 1.23445940018, 0.000393410999095;
164, 1.15928411484, 0.198230132461, 1.30928411484, 0.288230132461, 1.00928411484, 0.288230132461, 1.00928411484, 0.108230132461, 1.30928411484, 0.108230132461, 1.07172608376, 0.354226917028, 1.05348169804, 0.0677336230874, 1.26252305508, 0.328950256109, 1.25394511223, 0.0614095069468, 0.243724167347, 0.257604420185, 0.284495294094, 0.282535970211, 0.245887726545, 0.264155417681, 0.289636939764, 0.281690359116, 0.244712755084, 0.269629776478, , , , ;
165, 1.1592168808, 0.198409691453, 1.3092168808, 0.288409691453, 1.0092168808, 0.288409691453, 1.0092168808, 0.108409691453, 1.3092168808, 0.108409691453, 1.07199525833, 0.354310303926, 1.053373456, 0.0679692998528, 1.26255333424, 0.328980445862, 1.24923551083, 0.0604306571186, 0.243738502264, 0.257606655359, 0.284552752972, 0.282398104668, 0.246215060353, 0.264060169458, 0.289687722921, 0.281734377146, 0.24483731389, 0.269685655832, , , , ;
166, 1.15934944153, 0.198494791985, 1.30934944153, 0.288494791985, 1.00934944153, 0.288494791985, 1.00934944153, 0.108494791985, 1.30934944153, 0.108494791985, 1.07181406021, 0.354268044233, 1.05347573757, 0.067787989974, 1.26254534721, 0.329008758068, 1.24922907352, 0.0604999288917, 0.243737280369, 0.257623434067, 0.284143507481, 0.282492995262, 0.245981037617, 0.264231771231, 0.289675951004, 0.281775146723, 0.244891032577, 0.269710153341, , , , ;
167, 1.16005373001, 0.198053315282, 1.31005373001, 0.288053315282, 1.01005373001, 0.288053315282, 1.01005373001, 0.108053315282, 1.31005373001, 0.108053315282, 1.07178878784, 0.354389637709, 1.05349767208, 0.067768715322, 1.26257514954, 0.328993082047, 1.24925267696, 0.060427211225, 0.243766024709, 0.25760909915, 0.284823358059, 0.282410293818, 0.245985984802, 0.264264434576, 0.289704740047, 0.281766891479, 0.24490121007, 0.269720107317, , , , ;
168, 1.15927755833, 0.198451682925, 1.30927755833, 0.288451682925, 1.00927755833, 0.288451682925, 1.00927755833, 0.108451682925, 1.30927755833, 0.108451682925, 1.07174158096, 0.354342609644, 1.05349433422, 0.0678168907762, 1.26253664494, 0.329038053751, 1.24923217297, 0.0605349764228, 0.243739724159, 0.257641524076, 0.284237116575, 0.282600641251, 0.245991408825, 0.264258474112, 0.289682507515, 0.281786799431, 0.244891047478, 0.269733309746, , , , ;
169, 1.1593259573, 0.198204606771, 1.3093259573, 0.288204606771, 1.0093259573, 0.288204606771, 1.0093259573, 0.108204606771, 1.3093259573, 0.108204606771, 1.07187628746, 0.354311525822, 1.05349266529, 0.0677787363529, 1.26255476475, 0.32899916172, 1.24923551083, 0.0604741200805, 0.243739634752, 0.2576148808, 0.285505801439, 0.283260762691, 0.245949104428, 0.264263182878, 0.289687663317, 0.281774491072, 0.244900047779, 0.269709616899, 0.579440832138, 0.319202631712, , ;
170, 1.15935754776, 0.198530569673, 1.30935754776, 0.288530569673, 1.00935754776, 0.288530569673, 1.00935754776, 0.108530569673, 1.30935754776, 0.108530569673, 1.07168877125, 0.354374229908, 1.05345118046, 0.0678580179811, 1.26251018047, 0.329083949327, 1.24919819832, 0.0605643801391, 0.243696004152, 0.257665812969, 0.2845030725, 0.28266119957, 0.245886623859, 0.264300346375, 0.289628595114, 0.281809687614, 0.244920372963, 0.269630998373, 0.579170465469, 0.318707704544, , ;
171, 1.15935873985, 0.198289886117, 1.30935873985, 0.288289886117, 1.00935873985, 0.288289886117, 1.00935873985, 0.108289886117, 1.30935873985, 0.108289886117, 1.07175159454, 0.354440033436, 1.05347394943, 0.0678736194968, 1.26252222061, 0.329091727734, 1.24920415878, 0.0605391934514, 0.24369430542, 0.257676959038, 0.284700453281, 0.28257137537, 0.245958805084, 0.26431670785, 0.289529114962, 0.28182309866, 0.244920492172, 0.269634544849, 0.579160749912, 0.318846315145, , ;
172, 1.15947723389, 0.198431774974, 1.30947723389, 0.288431774974, 1.00947723389, 0.288431774974, 1.00947723389, 0.108431774974, 1.30947723389, 0.108431774974, 1.07190406322, 0.354324311018, 1.05358397961, 0.0676076933742, 1.26266515255, 0.329015731812, 1.24934470654, 0.0604962408543, 0.24384996295, 0.257621943951, 0.284638434649, 0.282525628805, 0.24610838294, 0.264171928167, 0.289803475142, 0.281730890274, 0.244933634996, 0.269819110632, 0.579506218433, 0.319576323032, , ;
173, 1.15992259979, 0.198256388307, 1.30992259979, 0.288256388307, 1.00992259979, 0.288256388307, 1.00992259979, 0.108256388307, 1.30992259979, 0.108256388307, 1.0717291832, 0.35430547595, 1.05349159241, 0.0677740126848, 1.2625566721, 0.329006403685, 1.24924325943, 0.0604712590575, 0.243727952242, 0.257596284151, 0.284416466951, 0.282428324223, 0.245936185122, 0.264032244682, 0.289619266987, 0.281629800797, 0.244766965508, 0.269798338413, 0.579410195351, 0.318814128637, , ;
174, 1.15949368477, 0.198352485895, 1.30949368477, 0.288352485895, 1.00949368477, 0.288352485895, 1.00949368477, 0.108352485895, 1.30949368477, 0.108352485895, 1.07170605659, 0.354371547699, 1.05342018604, 0.0677754580975, 1.26246678829, 0.329001456499, 1.24915111065, 0.0604660920799, 0.243681803346, 0.257605791092, 0.284079939127, 0.282532513142, 0.245829552412, 0.26413911581, 0.289443641901, 0.281651049852, 0.244817122817, 0.269579946995, 0.579176127911, 0.31892567873, , ;
175, 1.15928161144, 0.197768807411, 1.30928161144, 0.287768807411, 1.00928161144, 0.287768807411, 1.00928161144, 0.107768807411, 1.30928161144, 0.107768807411, 1.07177042961, 0.354253947735, 1.05347931385, 0.0677856877446, 1.26255118847, 0.329008311033, 1.2492313385, 0.0605022199452, 0.243747383356, 0.257613569498, 0.284614384174, 0.28245678544, 0.246014416218, 0.264303565025, 0.289715260267, 0.281806707382, 0.244916379452, 0.269757628441, 0.579213261604, 0.319190531969, , ;
176, 1.15937876701, 0.198348283768, 1.30937876701, 0.288348283768, 1.00937876701, 0.288348283768, 1.00937876701, 0.108348283768, 1.30937876701, 0.108348283768, 1.0717830658, 0.354330152273, 1.05353522301, 0.0677707418799, 1.26259040833, 0.329007387161, 1.2492685318, 0.0604943484068, 0.243786558509, 0.257618427277, 0.285174280405, 0.282425761223, 0.24608784914, 0.264297962189, 0.2897567451, 0.281821280718, 0.244760558009, 0.269742250443, 0.579208850861, 0.318919569254, , ;
177, 1.15937697887, 0.198301643133, 1.30937697887, 0.288301643133, 1.00937697887, 0.288301643133, 1.00937697887, 0.108301643133, 1.30937697887, 0.108301643133, 1.07178366184, 0.354275226593, 1.05350458622, 0.0677751600742, 1.2625541687, 0.329016685486, 1.24923455715, 0.0604955255985, 0.243747577071, 0.257612854242, 0.284814447165, 0.282404065132, 0.245940640569, 0.264213174582, 0.289673060179, 0.281741559505, 0.244782119989, 0.269797801971, 0.579605340958, 0.319538980722, , ;
178, 1.15933477879, 0.198282584548, 1.30933477879, 0.288282584548, 1.00933477879, 0.288282584548, 1.00933477879, 0.108282584548, 1.30933477879, 0.108282584548, 1.07178711891, 0.354429513216, 1.05344772339, 0.0677804946899, 1.26250433922, 0.329010426998, 1.24915540218, 0.0604517124593, 0.24370713532, 0.257618814707, 0.28444609046, 0.282565295696, 0.24559044838, 0.263799220324, 0.289486050606, 0.28167206049, 0.244576007128, 0.269544035196, 0.579287350178, 0.318922996521, , ;
179, 1.1593401432, 0.198111101985, 1.3093401432, 0.288111101985, 1.0093401432, 0.288111101985, 1.0093401432, 0.108111101985, 1.3093401432, 0.108111101985, 1.071829319, 0.354307502508, 1.05346930027, 0.0677842646837, 1.26254117489, 0.329016596079, 1.24922323227, 0.0604714006186, 0.243737503886, 0.257615357637, 0.284472972155, 0.282443016768, 0.246012538671, 0.264200747013, 0.289678484201, 0.281744539738, 0.244770258665, 0.269781529903, 0.579517960548, 0.318513810635, , ;
180, 1.15938305855, 0.198209747672, 1.30938305855, 0.288209747672, 1.00938305855, 0.288209747672, 1.00938305855, 0.108209747672, 1.30938305855, 0.108209747672, 1.07177996635, 0.354335963726, 1.05351603031, 0.0677786916494, 1.26258277893, 0.328997433186, 1.24923813343, 0.0604670532048, 0.243769228458, 0.257622748613, 0.284836232662, 0.282407730818, 0.246038898826, 0.264239192009, 0.289718240499, 0.281775772572, 0.244817867875, 0.26970115304, 0.579192638397, 0.319161146879, , ;
181, 1.15905606747, 0.198446631432, 1.30905606747, 0.288446631432, 1.00905606747, 0.288446631432, 1.00905606747, 0.108446631432, 1.30905606747, 0.108446631432, 1.07176864147, 0.354282736778, 1.05349397659, 0.0677732080221, 1.26255142689, 0.328998535872, 1.24924778938, 0.0605087168515, 0.243756830692, 0.257612973452, 0.284566879272, 0.282509803772, 0.245957955718, 0.264224529266, 0.289687931538, 0.281736791134, 0.244869038463, 0.269696414471, 0.579126954079, 0.318520128727, , ;
182, 1.15926671028, 0.198296353221, 1.30926671028, 0.288296353221, 1.00926671028, 0.288296353221, 1.00926671028, 0.108296353221, 1.30926671028, 0.108296353221, 1.07188415527, 0.354360640049, 1.05347013474, 0.0677765160799, 1.26252830029, 0.328996568918, 1.24920666218, 0.0604622885585, 0.243724495173, 0.257616817951, 0.284527570009, 0.282466679811, 0.245963796973, 0.264184623957, 0.289644956589, 0.281734228134, 0.244933277369, 0.269559592009, 0.579383552074, 0.318674266338, , ;
183, 1.15927767754, 0.198341995478, 1.30927767754, 0.288341995478, 1.00927767754, 0.288341995478, 1.00927767754, 0.108341995478, 1.30927767754, 0.108341995478, 1.07177937031, 0.354358643293, 1.05347907543, 0.0677622631192, 1.2625439167, 0.328999221325, 1.24922657013, 0.0604634508491, 0.24372947216, 0.257621943951, 0.284567415714, 0.282500088215, 0.245946839452, 0.264224141836, 0.289676815271, 0.281739860773, 0.244577988982, 0.269714176655, 0.579309403896, 0.319006532431, , ;
184, 1.15933203697, 0.198303222656, 1.30933203697, 0.288303222656, 1.00933203697, 0.288303222656, 1.00933203697, 0.108303222656, 1.30933203697, 0.108303222656, 1.07197439671, 0.354201316833, 1.0535005331, 0.0677749067545, 1.26255822182, 0.329003274441, 1.24926257133, 0.0605042427778, 0.243758484721, 0.257616251707, 0.28452500701, 0.282538175583, 0.246028482914, 0.264221400023, 0.289704054594, 0.281764388084, 0.244792968035, 0.269798010588, 0.579151332378, 0.318568646908, , ;
185, 1.15949690342, 0.198532700539, 1.30949690342, 0.288532700539, 1.00949690342, 0.288532700539, 1.00949690342, 0.108532700539, 1.30949690342, 0.108532700539, 1.07188773155, 0.354322016239, 1.05349552631, 0.0677857324481, 1.26258027554, 0.329009890556, 1.24925374985, 0.0604881979525, 0.243752196431, 0.257616460323, 0.28480887413, 0.282419413328, 0.245995476842, 0.264230489731, 0.289690881968, 0.281762838364, 0.245000660419, 0.269582867622, 0.579167723656, 0.31894043088, , ;
186, 1.15920436382, 0.201037108898, 1.30920436382, 0.291037108898, 1.00920436382, 0.291037108898, 1.00920436382, 0.111037108898, 1.30920436382, 0.111037108898, 1.0717498064, 0.354360759258, 1.05347585678, 0.0677819177508, 1.26253914833, 0.329002141953, 1.24922931194, 0.0604790560901, 0.243723973632, 0.257616609335, 0.284316837788, 0.282691329718, 0.245994091034, 0.264194518328, 0.289664924145, 0.281744867563, 0.244961589575, 0.269600093365, 0.579201757908, 0.318943589926, , ;
187, 1.16099619865, 0.199195593596, 1.31099619865, 0.289195593596, 1.01099619865, 0.289195593596, 1.01099619865, 0.109195593596, 1.31099619865, 0.109195593596, 1.0718485117, 0.354287534952, 1.05347585678, 0.0677715912461, 1.26253604889, 0.32900390029, 1.24921691418, 0.0604890398681, 0.243727356195, 0.257614344358, 0.284830778837, 0.282335162163, 0.24594399333, 0.264221280813, 0.289667010307, 0.281746536493, 0.24477404356, 0.269622027874, 0.579067826271, 0.318877011538, , ;
188, 1.15936005116, 0.1982781142, 1.30936005116, 0.2882781142, 1.00936005116, 0.2882781142, 1.00936005116, 0.1082781142, 1.30936005116, 0.1082781142, 1.07175385952, 0.354325294495, 1.05349266529, 0.0677731335163, 1.26255118847, 0.32899710536, 1.24924075603, 0.0605065561831, 0.243752554059, 0.257619529963, 0.284993767738, 0.282310605049, 0.245996013284, 0.264223784208, 0.289691925049, 0.281749486923, 0.244976088405, 0.269575983286, 0.579292237759, 0.31929987669, , ;
